Key,pl,pl
common.skip,Pomi,Pomi
common.search,Szukaj,Szukaj
common.loading,adowanie...,adowanie...
common.status.completed,Ukoczono,Ukoczony
common.status.in_progress,W toku,W toku
common.status.not_started,Nie rozpoczto,Nierozpoczty
common.status.marked_as_completed,Oznaczono jako ukoczone,Oznaczono jako ukoczone
common.forms.mark_as_done,Zaznacz formularz jako ukoczony,Zaznacz formularz jako ukoczony
common.forms.mark_as_in_progress,Zaznacz formularz jako w trakcie,Zaznacz formularz jako w toku
common.cancel,Anuluj,Anuluj
common.save,Zapisz,Zapisz
common.no_data,Nie znaleziono danych.,Nie znaleziono danych.
common.select,Wybierz,Wybierz
common.done,Zrobione,Zrobione
common.ok,Dobry,Ok
languages.ro,rumuski,rumuski
languages.en,jzyk angielski,angielski
languages.pl,polski,polski
languages.bg,bugarski,bugarski
languages.sr,serbski,serbski
languages.ka,gruziski,gruziski
languages.hy,ormiaski,ormiaski
languages.ru,rosyjski,rosyjski
languages.az,azerbejd偶aski,azerbejd偶aski
onboarding.language.heading,Wybierz jzyk,Wybierz jzyk
onboarding.language.description,To bdzie jzyk wywietlania aplikacji. Mo偶esz go zmieni w dowolnym momencie w aplikacji w sekcji 'wicej'.,"To bdzie jzyk, w kt贸rym apliakcja bdzie wywietlana. Mo偶esz go zmieni w dowolnym momencie w aplikacji w sekcji 'Wicej'."
onboarding.language.save,Zastosuj wyb贸r,Zastosuj wyb贸r
onboarding.polling_stations.heading,Obserwuj komisje,Obserwuj prace komisji
onboarding.polling_stations.description,i dokumentuj na bie偶co przebieg procesu w formularzach przygotowanych przez Twoj organizacj,i dokumentuj na bie偶co przebieg procesu w formularzach przygotowanych przez Twoj organizacj
onboarding.forms.heading,Wypenij formularze obserwacji,Wypenij formularze obserwacji
onboarding.forms.description,i led藕 postp w trakcie kolejnych etap贸w,"i przeka偶 formularze w trakcie kolejnych etap贸w, aby pom贸c przeprowadzi transparentne i uczciwe wybory"
onboarding.media.heading,Dodaj notatki i pliki z nagraniami lub zdjciami,Dodaj notatki i pliki z nagraniami lub zdjciami
onboarding.media.description,"jeli odnotowae jakie problemy, by dookreli udzielon odpowied藕","jeli odnotowae jakie problemy, by dookreli udzielon odpowied藕"
onboarding.media.save,Przejd藕 do aplikacji,Przejd藕 do aplikacji
select_app_mode.heading,Wyb贸r trybu aplikacji,Wyb贸r trybu aplikacji
select_app_mode.description,Mo偶esz monitorowa proces wyborczy jako akredytowany obserwator lub po prostu jako obywatel zainteresowany wspieraniem uczciwych i demokratycznych wybor贸w.,Mo偶esz monitorowa proces wyborczy jako obserwator lub po prostu jako wyborca zainteresowany wspieraniem uczciwych i demokratycznych wybor贸w.
select_app_mode.accredited_observer.title,Monitor gosowania dla akredytowanych obserwator贸w,Vote Monitor dla Obserwator贸w
select_app_mode.accredited_observer.description,"Jestem akredytowanym niezale偶nym obserwatorem, zaproszonym przez organizacj pozarzdow do obserwowania procesu wyborczego. **",Jestem apolitycznym obserwatorem z zawiadczeniem wystawionym przez organizacj pozarzdow uprawnion do obserwowania procesu wyborczego
select_app_mode.citizen.title,Monitor gosowania dla obywateli,Vote Monitor dla Wyborc贸w
select_app_mode.citizen.description,"Jestem obywatelem i chc zgosi nieprawidowoci wyborcze, kt贸re widz podczas kampanii wyborczej lub w dniu wybor贸w.","Jestem wyborc i chc zgosi nieprawidowoci wyborcze, kt贸re widz podczas kampanii lub w dniu wybor贸w."
select_app_mode.helper,**Jako akredytowany obserwator bdziesz m贸g przeczy si na tryb obywatela w dowolnym momencie z menu aplikacji.,**Jako obserwator bdziesz m贸g przeczy si w tryb wyborcy w dowolnym momencie z menu aplikacji.
select_app_mode.continue,Kontynuuj,Kontynuuj
select_election_event.heading,Dostpne wydarzenia wyborcze,Dostpne akcja wyborcza
select_election_event.description,"Wybierz wydarzenie, dla kt贸rego chcesz przesa raport:","Wybierz akcj, do kt贸rej chcesz przesa formularz:"
select_election_event.continue,Kontynuuj,Kontynuuj
select_election_event.empty_description,"W tej chwili nie ma aktywnych wydarze wyborczych, dla kt贸rych mo偶na zgasza incydenty jako obywatel. Gdy wydarzenie bdzie dostpne, pojawi si w tej sekcji.","W tej chwili nie ma aktywnych akcji wyborczych, dla kt贸rych mo偶na zgasza incydenty jako wyborca. Gdy akcja bdzie dodana, pojawi si w tej sekcji."
select_election_event.error_description,Co poszo nie tak podczas pobierania dostpnych wydarze wyborczych. Spr贸buj ponownie.,Co poszo nie tak podczas pobierania dostpnych akcji wyborczych. Spr贸buj ponownie.
select_election_event.retry,Pon贸w pr贸b,Pon贸w pr贸b
drawer.report_as_citizen,Zgo jako obywatel,Zgo jako wyborca
drawer.report_as_accredited_observer,Zgo jako akredytowany obserwator,Zgo jako obserwator
citizen_report_issue.header_title,Zgo problem,Zgo problem
citizen_report_issue.description,"Jako obywatel mo偶esz zgosi kwesti zwizan z wyborami, wypeniajc formularz zgoszeniowy z poni偶szej listy.","Jako wyborca mo偶esz zgosi kwesti zwizan z wyborami, wypeniajc formularz z poni偶szej listy."
citizen_report_issue.disclaimer,,"Zo偶enie zgoszenia poprzez Vote Monitor dla Wyborc贸w nie jest r贸wnoznaczne ze zo偶eniem oficjalnej skargi do organ贸w odpowiedzialnych za organizacj wybor贸w czy organ贸w cigania ani jej nie zastpuje. Aby uzyska wicej informacji na temat wykorzystania raport贸w, kliknij przycisk informacji w prawym g贸rnym rogu. Jeli chcesz zo偶y oficjaln skarg, zapoznaj si z artykuem Jak zo偶y oficjaln skarg w sekcji Zasoby."
citizen_report_issue.empty_forms,"Formularze sprawozdawcze pojawi si tutaj, gdy zesp贸 Vote Monitor opublikuje je w systemie.","Formularze pojawi si tutaj, gdy zesp贸 Vote Monitor opublikuje je w systemie."
citizen_report_issue.error_message,Co poszo nie tak podczas pobierania formularzy raportowania. Spr贸buj ponownie.,Co poszo nie tak podczas pobierania formularzy raportowania. Spr贸buj ponownie.
citizen_report_issue.retry,Pon贸w pr贸b,Pon贸w pr贸b
citizen_report_issue.info_modal.p1,Raporty przesane za porednictwem Vote Monitor Citizen bd analizowane przez organizacje pozarzdowe monitorujce wybory i mog zosta wczone do raport贸w z obserwacji wybor贸w. W niekt贸rych przypadkach raporty mog zosta przekazane instytucjom odpowiedzialnym za organizacj wybor贸w w celu usprawnienia przyszych proces贸w wyborczych.,Raporty przesane za porednictwem Vote Monitor dla Wyborc贸w bd analizowane przez organizacje pozarzdowe monitorujce wybory i mog zosta wczone do raport贸w z obserwacji wybor贸w. W niekt贸rych przypadkach raporty mog zosta przekazane instytucjom odpowiedzialnym za organizacj wybor贸w w celu usprawnienia przyszych proces贸w wyborczych.
citizen_report_issue.info_modal.p2,"Nale偶y pamita, 偶e przesanie zgoszenia za porednictwem tej aplikacji nie stanowi oficjalnej skargi zo偶onej do instytucji odpowiedzialnych za organizacj wybor贸w.","Nale偶y pamita, 偶e przesanie zgoszenia za porednictwem tej aplikacji nie stanowi ani nie zastpuje oficjalnej skargi zo偶onej do instytucji odpowiedzialnych za organizacj wybor贸w ani organ贸w cigania."
citizen_report_issue.info_modal.p3,,"W niekt贸rych przypadkach Twoje raporty mog zosta udostpnione organom odpowiedzialnym za organizacj wybor贸w, aby pom贸c w usprawnieniu przyszych proces贸w wyborczych, cho nie jest to gwarantowane."
citizen_report_issue.info_modal.p4,,"Masz pen kontrol nad swoimi danymi osobowymi. Formularze pozwalaj wybra, czy chcesz zgosi spraw anonimowo, czy te偶 wyrazi zgod na kontakt ze strony organizacji w przypadku sprawdzenia Twojego zgoszenia."
citizen_report_issue.info_modal.ok,OK,OK
citizen_form.review.heading,Przejrzyj sw贸j raport,Przejrzyj sw贸j raport
citizen_form.review.send,Wylij raport,Wylij raport
citizen_form.review.sending_report,Wysyamy raport. Prosz czeka...,Wysyamy raport. Prosz czeka...
citizen_form.progress_bar_label,Postp formy,Postp formularza
citizen_form.success.title,Tw贸j raport zosta pomylnie wysany!,Tw贸j raport zosta pomylnie wysany!
citizen_form.success.description,Dzikujemy za zaanga偶owanie obywatelskie. Mo偶esz wysa kopi swoich odpowiedzi na adres e-mail lub powr贸ci do strony g贸wnej.,Dzikujemy za zaanga偶owanie obywatelskie. Mo偶esz wysa kopi swoich odpowiedzi na adres e-mail lub powr贸ci do strony g贸wnej.
citizen_form.success.back_to_main,Powr贸t do strony g贸wnej,Powr贸t do strony g贸wnej
citizen_form.success.send_copy,Wylij mi kopi,Wylij mi kopi
citizen_form.error,Wystpi problem podczas wysyania recenzji.,Wystpi problem podczas wysyania recenzji.
citizen_form.email_copy.title,"Wprowad藕 sw贸j adres e-mail, aby otrzyma kopi formularza","Wprowad藕 sw贸j adres e-mail, aby otrzyma kopi formularza"
citizen_form.email_copy.description,"Aby otrzyma kopi formularza, wprowad藕 poni偶ej sw贸j adres e-mail. Ten adres e-mail zostanie wykorzystany wycznie do wysania kopii i nie bdzie przechowywany ani wykorzystywany w 偶adnym innym celu.","Aby otrzyma kopi formularza, wprowad藕 poni偶ej sw贸j adres e-mail. Ten adres e-mail zostanie wykorzystany wycznie do wysania kopii i nie bdzie przechowywany ani wykorzystywany w 偶adnym innym celu."
citizen_form.email_copy.placeholder,Wprowad藕 sw贸j adres e-mail,Wprowad藕 sw贸j adres e-mail
citizen_form.email_copy.required,E-mail jest obowizkowy,E-mail jest obowizkowy
citizen_form.email_copy.invalid,Format wiadomoci e-mail jest nieprawidowy,Format wiadomoci e-mail jest nieprawidowy
citizen_form.email_copy.cancel,Anuluj,Anuluj
citizen_form.email_copy.send,Wylij,Wylij
citizen_form.copy_sent.title,Twoja kopia zostaa wysana,Twoja kopia zostaa wysana
citizen_form.copy_sent.description,"Kopia powinna dotrze natychmiast, ale w rzadkich przypadkach jej przetworzenie mo偶e zaj kilka minut. W midzyczasie mo偶esz powr贸ci do strony g贸wnej.","Kopia powinna dotrze natychmiast, ale w rzadkich przypadkach jej przetworzenie mo偶e zaj kilka minut. W midzyczasie mo偶esz powr贸ci do strony g贸wnej."
citizen_form.unsaved_changes_dialog.title,Masz niezapisane zmiany,Masz niezapisane zmiany
citizen_form.unsaved_changes_dialog.description,Opuszczenie tej strony spowoduje utrat wszystkich postp贸w w formularzu. Czy na pewno chcesz wr贸ci?,Opuszczenie tej strony spowoduje utrat wszystkich postp贸w w formularzu. Czy na pewno chcesz wr贸ci?
citizen_form.unsaved_changes_dialog.actions.discard,Wr贸,Wr贸
citizen_form.unsaved_changes_dialog.actions.save,Zosta tutaj,Zosta tutaj
citizen_form.attachments.heading,Przesane multimedia,Przesane multimedia
citizen_form.attachments.loading,Dodawanie zacznika... ,Dodawanie zacznika... 
citizen_form.attachments.error,Bd podczas wysyania zacznika!,Bd podczas wysyania zacznika!
citizen_form.attachments.add,Dodawanie plik贸w multimedialnych,Dodawanie plik贸w multimedialnych
citizen_form.attachments.menu.load,Zaaduj z galerii,Zaaduj z galerii
citizen_form.attachments.menu.take_picture,Zr贸b zdjcie,Zr贸b zdjcie
citizen_form.attachments.menu.record_video,Nagraj wideo,Nagraj wideo
citizen_form.attachments.menu.upload_audio,Wgraj nagranie,Wgraj nagranie
citizen_form.attachments.upload.compressing,Kompresowanie zacznika: ,Kompresowanie zacznika: 
citizen_form.attachments.upload.preparing,Przygotowanie zacznika...,Przygotowanie zacznika...
citizen_form.attachments.upload.starting,Rozpoczynanie wysyania...,Rozpoczynanie wysyania...
citizen_form.attachments.upload.progress,Wysyanie zacznik贸w: ,Wysyanie zacznik贸w: 
citizen_form.attachments.upload.completed,Wysyanie zakoczone.,Wysyanie zakoczone.
citizen_form.attachments.upload.aborted,Wysyanie przerwane.,Wysyanie przerwane.
citizen_form.attachments.upload.offline,"Aby wykona t akcj, potrzebujesz poczenia z Internetem.","Aby wykona t akcj, potrzebujesz poczenia z Internetem."
citizen_form.attachments.delete.title,Usu plik(i),Usu plik(i)
citizen_form.attachments.delete.description,Ta akcja nie mo偶e by cofnita. Usunite media nie mog zosta przywr贸cone.,Ta akcja nie mo偶e by cofnita. Usunite media nie mog zosta przywr贸cone.
citizen_form.attachments.delete.actions.cancel,Anuluj,Anuluj
citizen_form.attachments.delete.actions.clear,Usu,Usu
login.disclaimer.paragraph1,"Pamitaj, 偶e jeli nie jeste akredytowany jako niezale偶ny obserwator przez organizacj monitorujc procesy wyborcze w Twoim kraju, nie mo偶esz korzysta z aplikacji Vote Monitor.","Jeli nie jeste obserwatorem skierowanym przez organizacj monitorujc procesy wyborcze w Twoim kraju, nie mo偶esz korzysta z Vote Monitor dla Obserwator贸w."
login.disclaimer.paragraph2.slice1,"Jeli nie jeste akredytowanym obserwatorem, nadal mo偶esz","Jeli nie jeste obserwatorem, nadal mo偶esz"
login.disclaimer.paragraph2.link,zgasza nieprawidowoci jako obywatel,zgasza nieprawidowoci jako wyborca
login.disclaimer.paragraph2.slice2,"w przypadku trwajcych wybor贸w, bez koniecznoci posiadania konta.","w przypadku bie偶cych wybor贸w, bez koniecznoci posiadania konta."
login.heading,Zaloguj,Zaloguj
login.paragraph,"Podaj prosz adres e-mail, kt贸ry podae/a przy rejestracji w roli obserwatora:","Podaj prosz adres e-mail, kt贸ry podae/a przy rejestracji w roli obserwatora:"
login.form.email.label,E-mail *,E-mail *
login.form.email.placeholder,E-mail,E-mail
login.form.email.required,Adres e-mail jest obowizkowy,Adres e-mail jest obowizkowy
login.form.email.pattern,Format adresu e-mail jest nieprawidowy,Format adresu e-mail jest nieprawidowy
login.form.password.label,Haso *,Haso *
login.form.password.placeholder,Haso,Haso
login.form.password.required,Haso jest obowizkowe,Haso jest obowizkowe
login.form.submit.save,Zaloguj,Zaloguj
login.form.submit.loading,Zaloguj...,Zaloguj...
login.form.errors.invalid_credentials,Wystpi bd z Twoimi danymi logowania. Spr贸buj ponownie.,Wystpi bd z Twoimi danymi logowania. Spr贸buj ponownie.
login.form.errors.offline,"Aby si zalogowa, potrzebujesz poczenia z Internetem.","Aby si zalogowa, potrzebujesz poczenia z Internetem."
login.actions.forgot_password,Zapomniae/a hasa?,Zapomniae/a hasa?
login.email_toast,Adres e-mail zosta skopiowany do schowka,Adres e-mail zosta skopiowany do schowka
forgot_password.header.title,Zapomniane haso,Zapomniane haso
forgot_password.heading,Zapomniae/a hasa?,Zapomniae/a hasa?
forgot_password.paragraph,"Podaj prosz adres e-mail, kt贸ry podae/a przy rejestracji w roli obserwatora, a wyslemy Ci link potrzebny do zresetowania hasa.","Podaj prosz adres e-mail, kt贸ry podae/a przy rejestracji w roli obserwatora, a wyslemy Ci link potrzebny do zresetowania hasa."
forgot_password.form.email.label,E-mail *,E-mail *
forgot_password.form.email.placeholder,E-mail,E-mail
forgot_password.form.email.required,Adres e-mail jest obowizkowy,Adres e-mail jest obowizkowy
forgot_password.form.email.pattern,Format adresu e-mail jest nieprawidowy,Format adresu e-mail jest nieprawidowy
forgot_password.form.submit.loading,Wysyanie...,Wysyanie...
forgot_password.form.submit.save,Wysa,Wylij
forgot_password.form.errors.invalid_email,Bie偶cy adres e-mail nie jest zarejestrowany w systemie. Prosz spr贸buj ponownie.,Bie偶cy adres e-mail nie jest zarejestrowany w systemie. Prosz spr贸buj ponownie.
forgot_password.confirmation.heading,E-mail wysany,E-mail wysany
forgot_password.confirmation.paragraph,"Sprawd藕 prosze e-mail i otw贸rz link, kt贸ry wysalimy. Jeli nie widzisz e-maila, upewnij si, 偶e nie wpad do folderu 'spam'.","Sprawd藕 prosz e-mail i otw贸rz link, kt贸ry wysalimy. Jeli nie widzisz e-maila, upewnij si, 偶e nie wpad do folderu 'spam'."
forgot_password.confirmation.confirm,Wr贸 do logowania,Wr贸 do logowania
about_app.title,O Vote Monitor,O Vote Monitor
about_app.title_observer,Informacje o Vote Monitor Observer,Informacje o Vote Monitor Observer
about_app.general,Vote Monitor to dedykowane narzdzie cyfrowe przeznaczone dla niezale偶nych obserwator贸w i organizacji midzynarodowych zajmujcych si monitorowaniem wybor贸w. Vote Monitor jest rozwijany i zarzdzany przez Code for Rumunia/Commit Global.,Vote Monitor to dedykowane narzdzie cyfrowe przeznaczone dla niezale偶nych obserwator贸w i organizacji midzynarodowych zajmujcych si monitorowaniem wybor贸w. Vote Monitor jest rozwijany i zarzdzany przez Code for Romania/Commit Global.
about_app.purpose,"Aplikacja pomaga niezale偶nym obserwatorom monitorowa lokale wyborcze i dokumentowa przebieg gosowania w czasie rzeczywistym w danej turze wybor贸w. Wszystkie dane zebrane za porednictwem aplikacji mobilnej s przesyane w czasie rzeczywistym do organizacji akredytujcych w celu zidentyfikowania potencjalnych sygna贸w ostrzegawczych, kt贸re mog wskazywa na nadu偶ycia lub inne nieprawidowoci. Ostatecznie naszym celem jest zapewnienie jasnego, prostego i realistycznego obrazu przebiegu procesu wyborczego.","Aplikacja pomaga niezale偶nym obserwatorom monitorowa lokale wyborcze i dokumentowa przebieg gosowania w czasie rzeczywistym w danej turze wybor贸w. Wszystkie dane zebrane za porednictwem aplikacji mobilnej s przesyane w czasie rzeczywistym do organizacji akredytujcych w celu zidentyfikowania potencjalnych sygna贸w ostrzegawczych, kt贸re mog wskazywa na nadu偶ycia lub inne nieprawidowoci. Ostatecznie naszym celem jest zapewnienie jasnego, prostego i realistycznego obrazu przebiegu procesu wyborczego."
about_app.app_provides.paragraph,Aplikacja zapewnia obserwatorom:,Aplikacja zapewnia obserwatorom:
about_app.app_provides.item1,Spos贸b na zarzdzanie wieloma odwiedzanymi lokalami wyborczymi,Spos贸b na zarzdzanie wieloma odwiedzanymi lokalami wyborczymi
about_app.app_provides.item2,Skuteczna metoda monitorowania przebiegu procesu gosowania poprzez formularze utworzone przez organizacje akredytujce,Skuteczna metoda monitorowania przebiegu procesu gosowania poprzez formularze utworzone przez organizacje akredytujce
about_app.app_provides.item3,Spos贸b na szybkie zgaszanie innych problematycznych kwestii poza standardowymi formularzami,Spos贸b na szybkie zgaszanie innych problematycznych kwestii poza standardowymi formularzami
about_app.usage,Z aplikacji Vote Monitor mo偶na korzysta podczas dowolnych wybor贸w w dowolnym kraju na wiecie. Od 2016 r. jest u偶ywany w wielu turach wybor贸w w Rumunii i Polsce.,Z aplikacji Vote Monitor mo偶na korzysta podczas dowolnych wybor贸w w dowolnym kraju na wiecie. Od 2016 r. wielokrotnie by wykorzystywany w Europie i na wiecie m.in. w Rumunii i Polsce.
about_app.version,Wersja Vote Monitor {{value}},Wersja Vote Monitor {{value}}
about_app_citizen.title,Informacje o Vote Monitor ,Informacje o Vote Monitor 
about_app_citizen.title_observer,Informacje o Vote Monitor Citizen,Informacje o Vote Monitor dla Wyborc贸w
about_app_citizen.p1,"Vote Monitor Citizen umo偶liwia zwykym obywatelom aktywny udzia w monitorowaniu wybor贸w poprzez zgaszanie wszelkich nieprawidowoci, kt贸re napotkaj w okresie wyborczym, w tym dziaa zwizanych z kampani, dziaaniami w lokalach wyborczych i procedurami w dniu gosowania.","Vote Monitor dla Wyborc贸w umo偶liwia zwykym obywatelom aktywny udzia w monitorowaniu wybor贸w poprzez zgaszanie wszelkich nieprawidowoci, kt贸re napotkaj w okresie wyborczym, w tym sytuacji zwizanych z kampani, dziaaniami w lokalach wyborczych i procedurami w dniu gosowania."
about_app_citizen.p2,"Vote Monitor Citizen to rozszerzenie aplikacji Vote Monitor, kt贸ra zostaa pocztkowo opracowana przez Code for Romania/Commit Global dla niezale偶nych obserwator贸w wsp贸pracujcych z organizacjami pozarzdowymi w zakresie monitorowania wybor贸w.","Vote Monitor dla Wyborc贸w to rozszerzenie aplikacji Vote Monitor, kt贸ra zostaa pocztkowo opracowana przez Code for Romania/Commit Global dla apolitycznych obserwator贸w wsp贸pracujcych z organizacjami pozarzdowymi w zakresie monitorowania wybor贸w."
about_app_citizen.p3,"U偶ytkownicy mog przesya raporty w czasie rzeczywistym, kt贸re bd analizowane przez organizacje pozarzdowe zaanga偶owane w proces wyborczy. Raporty te mog przyczyni si do powstania szczeg贸owych dokument贸w obserwacyjnych, a w niekt贸rych przypadkach mog zosta przekazane odpowiednim instytucjom w celu usprawnienia przyszych wybor贸w.","U偶ytkownicy mog przesya raportyna bie偶co, kt贸re bd analizowane przez organizacje pozarzdowe zaanga偶owane w proces wyborczy. Raporty te mog przyczyni si do powstania raport贸w z obserwacji, a w szczeg贸lnych przypadkach mog zosta przekazane odpowiednim instytucjom w celu usprawnienia przyszych wybor贸w."
about_app_citizen.p4,"Chocia偶 raporty obywatelskie odgrywaj istotn rol w promowaniu przejrzystoci, nale偶y pamita, 偶e przesanie raportu za porednictwem tej aplikacji nie stanowi oficjalnej skargi do instytucji odpowiedzialnych za organizacj wybor贸w.","Chocia偶 zgoszenia obywatelskie odgrywaj istotn rol w promowaniu przejrzystoci, nale偶y pamita, 偶e przesanie raportu za porednictwem tej aplikacji nie stanowi ani nie zastpuje oficjalnej skargi do instytucji odpowiedzialnych za organizacj wybor贸w czy organ贸w cigania."
about_app_citizen.version,Wersja monitora gosowania {{value}},Wersja Vote Monitor: {{value}}
loading_screen.heading,adowanie ...,adowanie ...
loading_screen.paragraph,"Przygotowujemy wszystkie dane, prosz czeka!","Przygotowujemy wszystkie dane, prosz czeka!"
tabs.observation,Obserwacja,Obserwacja
tabs.quick_report,Szybki raport,Szybki raport
tabs.guides,Podrczniki,Podrczniki
tabs.inbox,Poczta,Poczta
tabs.more,Wicej,Wicej
tabs.report,Szybki raport,Szybki raport
tabs.resources,Zasoby,Zasoby
tabs.updates,Aktualizacje,Aktualizacje
add_polling_station.title,Dodaj komisj wyborcz,Dodaj komisj wyborcz
add_polling_station.progress.location,Dodaj komisj wyborcz z {{value}},Dodaj komisj wyborcz z: {{value}}
add_polling_station.actions.next_step,Dalej,Dalej
add_polling_station.actions.back,Wr贸,Wr贸
add_polling_station.actions.finalize,Sfinalizuj,Ukocz
add_polling_station.error,Bd podczas adowania lokali wyborczych!,Bd podczas adowania lokali wyborczych!
observation.title,Obserwacja punkt贸w wyborczych,Obserwacja punkt贸w wyborczych
observation.no_election_round.heading,Brak zdarze dotyczcych wybor贸w,Brak zdarze dotyczcych wybor贸w
observation.no_election_round.paragraph,"Mo偶esz u偶ywa tej aplikacji, gdy zostaniesz przypisany/a przez swoj organizacj do wydarzenia wyborczego.",Bdziesz m贸g korzysta z aplikacji po przypisaniu Ci do akcji wyborczej przez Twoj organizacj
observation.no_form,Formularz Informacje o lokalu wyborczym nie jest skonfigurowany,Formularz Informacje o lokalu wyborczym nie jest skonfigurowany
observation.refresh_page,"Jeli dane nie s widoczne, spr贸buj odwie偶y stron, aby pobra najnowsze informacje","Jeli dane nie s widoczne, spr贸buj odwie偶y stron, aby pobra najnowsze informacje"
observation.no_visited_polling_stations.heading,Brak odwiedzonych komisji wyborczych,Brak odwiedzonych komisji wyborczych
observation.no_visited_polling_stations.paragraph,Uzupenij dane dla pierwszej komisji wyborczej zanim zaczniesz wypenia formularze obserwacyjne.,Uzupenij dane dla pierwszej obserwowanej komisji wyborczej zanim zaczniesz wypenia formularze obserwacyjne.
observation.no_visited_polling_stations.add,Dodaj pierwsz komisj wyborcz,Dodaj pierwsz komisj wyborcz
observation.my_polling_stations.heading,Moje komisje wyborcze,Moje komisje wyborcze
observation.my_polling_stations.paragraph,Mo偶esz zmien komisj wyborcz jeli chcesz dokonac rewizji formularza lub zmieni informacje dotyczce komisji wyborczej.,"Mo偶esz przecza si midzy lokalami wyborczymi, jeli chcesz ponownie przeglda odpowiedzi lub informacje o komisjach wyborczych."
observation.my_polling_stations.add,Dodaj komisj wyborcz,Dodaj komisj wyborcz
observation.polling_stations_information.heading,Informacje o stacjach wyborczych,Informacje o komisjach wyborczych
observation.polling_stations_information.time_select.not_defined,Nie zdefiniowano,Nie zdefiniowano
observation.polling_stations_information.time_select.arrival_time,Czas przybycia,Czas przybycia
observation.polling_stations_information.time_select.departure_time,Czas wyjcia,Czas wyjcia
observation.polling_stations_information.time_select.save,Zrobione,Zrobione
observation.polling_stations_information.time_select.error.arrival_first,Najpierw wybierz godzin przyjazdu.,Najpierw wybierz godzin przyjazdu.
observation.polling_stations_information.time_select.error.later_departure,Prosz wybra godzin odjazdu p贸藕niejsz ni偶 godzina przylotu.,Prosz wybra godzin odjazdu p贸藕niejsz ni偶 godzina przylotu.
observation.polling_stations_information.time_select.error.earlier_arrival,Prosz wybra godzin przyjazdu wczeniejsz ni偶 godzina odlotu.,Prosz wybra godzin przyjazdu wczeniejsz ni偶 godzina odlotu.
observation.polling_stations_information.time_select.error.server,Nie moglimy wysa informacji na serwer.,Nie moglimy wysa informacji na serwer.
observation.polling_stations_information.observation_time.observation_time,Czas obserwacji,Czas obserwacji
observation.polling_stations_information.observation_time.not_defined,Nie okrelono,Nie wskazano
observation.polling_stations_information.observation_time.no_of_breaks,{{value}} przerwy,{{value}} przerw/y
observation.polling_stations_information.observation_time.one_break,{{value}} przerwa,{{value}} przerwa
"shit, you in the Polish numbers trap... in Polish: 1 przerwa; 2-4 przerwy; 5-21 przerw; 22-24 przerwy; 25-31 przerw;...  ",Czas przyjazdu i odjazdu,Czas przybycia i wyjcia
observation.polling_stations_information.observation_time.arrival_time,Czas przybycia,Czas przybycia
observation.polling_stations_information.observation_time.departure_time,Czas odlotu,Czas wyjcia
observation.polling_stations_information.observation_time.departure_after_arrival,Godzina odlotu musi przypada po godzinie przylotu,Godzina wyjcia musi by po godzinie przybycia
observation.polling_stations_information.observation_time.select_arrival_time,Wybierz czas przybycia,Wybierz czas przybycia
observation.polling_stations_information.observation_time.select_departure_time,Wybierz godzin odlotu,Wybierz godzin odlotu
observation.polling_stations_information.observation_time.add_break,Dodaj now przerw w obserwacji,Dodaj now przerw w obserwacji
observation.polling_stations_information.observation_time.break,Przerwa {{value}},Przerwa {{value}}.
observation.polling_stations_information.observation_time.start_time,Czas rozpoczcia,Czas rozpoczcia
observation.polling_stations_information.observation_time.select_start_time,Wybierz czas rozpoczcia,Wybierz czas rozpoczcia
observation.polling_stations_information.observation_time.end_time,Czas zakoczenia,Czas zakoczenia
observation.polling_stations_information.observation_time.select_end_time,Wybierz czas zakoczenia,Wybierz czas zakoczenia
observation.polling_stations_information.observation_time.undefined_date,DD/MM/RRRR,DD/MM/RRRR
observation.polling_stations_information.observation_time.undefined_time,GG:MM,gg:mm
observation.polling_stations_information.observation_time.save,Oszczdno czasu obserwacji,Zapisz czas obserwacji
observation.polling_stations_information.observation_time.clear,Wyra藕ny czas obserwacji,Wyczy czas obserwacji
observation.polling_stations_information.observation_time.confirmation_modals.clear.title,Wyra藕ny czas obserwacji,Wyczy czas obserwacji
observation.polling_stations_information.observation_time.confirmation_modals.clear.description,"Ta czynno spowoduje usunicie czasu przyjazdu i wyjazdu, w tym wszystkich przerw wprowadzonych do tej pory dla tego punktu wyborczego. Aby unikn niezamierzonej utraty informacji, przed wykonaniem tej czynnoci nale偶y sprawdzi godziny.","Ta czynno spowoduje usunicie czasu przybycia i wyjcia, w tym wszystkich przerw wprowadzonych do tej pory dla tego punktu wyborczego. Aby unikn niezamierzonej utraty informacji, przed wykonaniem tej czynnoci nale偶y sprawdzi godziny."
observation.polling_stations_information.observation_time.confirmation_modals.clear.actions.cancel,Anuluj,Anuluj
observation.polling_stations_information.observation_time.confirmation_modals.clear.actions.clear,Wyra藕ny czas obserwacji,Wyczy czas obserwacji
observation.polling_stations_information.observation_time.confirmation_modals.delete.title,Usu przerw,Usu przerw
observation.polling_stations_information.observation_time.confirmation_modals.delete.description,"Ta czynno spowoduje usunicie przerwy. Aby unikn niezamierzonej utraty informacji, przed wykonaniem tej czynnoci nale偶y sprawdzi czas.","Ta czynno spowoduje usunicie przerwy. Aby unikn niezamierzonej utraty informacji, przed wykonaniem tej czynnoci nale偶y sprawdzi czas."
observation.polling_stations_information.observation_time.confirmation_modals.delete.actions.cancel,Anuluj,Anuluj
observation.polling_stations_information.observation_time.confirmation_modals.delete.actions.delete,Usu przerw,Usu przerw
observation.polling_stations_information.observation_time.confirmation_modals.unsaved_changes.title,Zapisywanie zmian czasu obserwacji,Zapisywanie zmian czasu obserwacji
observation.polling_stations_information.observation_time.confirmation_modals.unsaved_changes.description,Masz niezapisane zmiany zwizane z wprowadzonym czasem obserwacji. Czy chcesz zapisa zmiany przed opuszczeniem strony?,Masz niezapisane zmiany zwizane z wprowadzonym czasem obserwacji. Czy chcesz zapisa zmiany przed opuszczeniem strony?
observation.polling_stations_information.observation_time.confirmation_modals.unsaved_changes.actions.discard,Odrzucenie,Odrzu
observation.polling_stations_information.observation_time.confirmation_modals.unsaved_changes.actions.save,Zapisz zmiany,Zapisz zmiany
observation.polling_stations_information.observation_time.confirmation_modals.unable_to_save.title,Nie mo偶na zapisa czasu obserwacji,Nie mo偶na zapisa czasu obserwacji
observation.polling_stations_information.observation_time.confirmation_modals.unable_to_save.p1,Wprowadzone godziny nie mog zosta zapisane z powodu konfliktu midzy okresami przerw a godzinami przyjazdu/wyjazdu.,Wprowadzone godziny nie mog zosta zapisane z powodu konfliktu midzy okresami przerw a godzinami przyjazdu/wyjazdu.
observation.polling_stations_information.observation_time.confirmation_modals.unable_to_save.p2,"Nale偶y upewni si, 偶e okresy przerw nie przekraczaj przedziau czasu okrelonego przez czas obserwacji przylotu i odlotu. Prosimy o sprawdzenie i odpowiednie dostosowanie czas贸w.","Nale偶y upewni si, 偶e okresy przerw nie przekraczaj przedziau czasu okrelonego przez czas obserwacji przylotu i odlotu. Prosimy o sprawdzenie i odpowiednie dostosowanie czas贸w."
observation.polling_stations_information.observation_time.confirmation_modals.unable_to_save.ok,OK,OK
observation.polling_stations_information.polling_station_form.paragraph,Udziel kr贸tkich odpowiedzi dotyczcych tej komisji wyborczej.,Odpowiedz na kilka kr贸tkich pyta dotyczcych lokalu wyborczego.
observation.polling_stations_information.polling_station_form.form_details_button_label,Informacje dotyczce komisji wyborczej,Informacje dotyczce komisji wyborczej
observation.polling_stations_information.polling_station_form.number_of_questions,{{value}} pyta,{{value}} pyta/pytanie/pytania
observation.polling_stations_information.polling_station_form.answer_questions,Udziel odpowiedzi,Udziel odpowiedzi
observation.forms.heading,Formularze,Formularze
observation.forms.list.empty,Brak danych do wywietlenia,Brak danych do wywietlenia
observation.forms.list.error.paragraph1,Co poszo nie tak!,Co poszo nie tak!
observation.forms.list.error.paragraph2,"Nie udao si pobra danych. Nacinij przycisk ponownej pr贸by, aby spr贸bowa ponownie!","Nie udao si pobra danych. Nacinij przycisk ponownej pr贸by, aby spr贸bowa ponownie!"
observation.forms.list.error.retry,Spr贸bowa ponownie,Spr贸bowa ponownie
observation.forms.select_language_modal.header,Wybierz jzyk formularza,Wybierz jzyk formularza
observation.forms.select_language_modal.helper,"Wybrany formularz dostpny jest w kilku jzykach. Wybierz prosz jzyk, w kt贸rym chcesz kontynnuowa prac.","Wybrany formularz dostpny jest w kilku jzykach. Wybierz prosz jzyk, w kt贸rym chcesz kontynnuowa prac."
observation.forms.select_language_modal.error,Prosz wybra jedn z opcji,Prosz wybra jedn z opcji
observation.options_menu.manage_my_polling_stations,Zarzdzanie moimi komisjami wyborczymi,Zarzdzanie moimi komisjami wyborczymi
polling_station_information_form.title,Informacje dotyczce komisji wyborczej,Informacje dotyczce komisji wyborczej
polling_station_information_form.submit,Zatwierd藕 odpowiedzi,Zatwierd藕 odpowiedzi
polling_station_information_form.form.max,Dane wejciowe nie mog przekracza {{value}} znak贸w,Dane wejciowe nie mog przekracza {{value}} znak贸w
polling_station_information_form.form.placeholder,Prosz wpisa tekst...,Prosz wpisa tekst...
polling_station_information_form.menu.clear,Wyczy formularz (usu wszystkie odpowiedzi),Wyczy formularz (usu wszystkie odpowiedzi)
polling_station_information_form.warning_modal.title,Wyczy formularz informacyjny komisji wyborczej,Wyczy formularz informacyjny komisji wyborczej
polling_station_information_form.warning_modal.description,"Ta czynno usunie wszystkie odpowiedzi wprowadzone do formularza. Aby unikn utraty danych, upewnij si prosz, 偶e sprawdzie/a formularz zanim wykonasz t akcj.","Ta czynno usunie wszystkie odpowiedzi wprowadzone do formularza. Aby unikn utraty danych, upewnij si prosz, 偶e sprawdzie/a formularz zanim wykonasz t akcj."
polling_station_information_form.warning_modal.actions.cancel,Anuluj,Anuluj
polling_station_information_form.warning_modal.actions.clear,Wyczy formularz,Wyczy formularz
polling_station_information_form.unsaved_changes_dialog.title,Zapisz zmiany w formularzu,Zapisz zmiany w formularzu
polling_station_information_form.unsaved_changes_dialog.description,Masz niezapisane zmiany w tym formularzu. Czy chcesz zapisa zmiany przed wyjciem?,Masz niezapisane zmiany w tym formularzu. Czy chcesz zapisa zmiany przed wyjciem?
polling_station_information_form.unsaved_changes_dialog.actions.discard,Odrzucenie,Odrzu
polling_station_information_form.unsaved_changes_dialog.actions.save,Zapisz zmiany,Zapisz zmiany
form_overview.overview.heading,Podgld formularza,Podgld formularza
form_overview.overview.status,Status formularza,Status formularza
form_overview.overview.answered_questions,Wypenione pytania,Wypenione pytania
form_overview.overview.resume,Formularz wznawia,Wzn贸w formularz
form_overview.overview.start_form,Uruchom formularz,Uruchom formularz
form_overview.overview.progress,postp,postp
form_overview.questions.title,Pytania,Pytania
form_overview.questions.not_answered,Nie udzielono odpowiedzi,Nieodpowiedziane
form_overview.questions.answered,Udzielono odpowiedzi,Odpowiedziane
form_overview.questions.no_notes,Brak doczonych notatek,Brak notatek
form_overview.questions.notes,Zawiera zaczone notatki,Zawiera notatki
form_overview.attachments.notes,{{count}} Notatki,{{count}} notatek/notatka/notatki
form_overview.attachments.media,{{count}} Pliki z nagraniami/zdjciami,{{count}} plik贸w/plik/pliki/z nagraniami/zdjciami
form_overview.error,Bd podczas adowania danych formularza!,Bd podczas adowania danych formularza!
form_overview.menu.clear,Wyczy formularz (usu wszystkie odpowiedzi),Wyczy formularz (usu wszystkie odpowiedzi)
form_overview.menu.change_language,Zmie jzyk,Zmie jzyk
form_overview.clear_answers_modal.title,Clear form {{value}},Wyczy formularz {{value}}
form_overview.clear_answers_modal.description.p1,"Ta czynno usunie wszystkie odpowiedzi wprowadzone do tego formularza. Dotyczy to wprowadzonych informacji, notatek, jak i zaczonych plik贸w. Wszystkie pytania zostan przywr贸cone do stanu 'Nie udzielono odpowiedzi'.","Ta czynno usunie wszystkie odpowiedzi wprowadzone do tego formularza. Dotyczy to wprowadzonych informacji, notatek, jak i zaczonych plik贸w. Wszystkie pytania zostan przywr贸cone do stanu 'Nieodpowiedziane'."
form_overview.clear_answers_modal.description.p2,"Aby unikn utraty danych, upewnij si prosz, 偶e sprawdzie/a dane dotyczce komisji wyborczej zanim wykonasz t akcj.","Aby unikn utraty danych, upewnij si prosz, 偶e sprawdzie/a dane dotyczce komisji wyborczej zanim wykonasz t akcj."
form_overview.clear_answers_modal.actions.clear,Wyczy formularz,Wyczy formularz
form_overview.clear_answers_modal.actions.cancel,Anuluj,Anuluj
polling_station_form_wizard.progress_bar.label,Postp formy,Postp formy
polling_station_form_wizard.progress_bar.clear_answer,Wyczy odpowied藕,Wyczy odpowied藕
polling_station_form_wizard.form.min,Pole musi mie dugo co najmniej {{value}} znak贸w,Pole musi mie dugo co najmniej {{value}} znak
polling_station_form_wizard.form.max,Pole musi zawiera maksymalnie {{value}} znak贸w,Pole musi zawiera maksymalnie {{value}} znak贸w
polling_station_form_wizard.form.required,To pole jest wymagane,To pole jest wymagane
polling_station_form_wizard.form.date_placeholder,Prosz wprowadzi dat,Prosz wprowadzi dat
polling_station_form_wizard.form.text_placeholder,Prosz wpisa tekst,Prosz wpisa tekst
polling_station_form_wizard.save_and_continue,Zapisz i kontynuuj,Zapisz i kontynuuj
polling_station_form_wizard.attachments.heading,Wybrane media,Wybrane media
polling_station_form_wizard.attachments.loading,Dodawanie zacznika... ,Dodawanie zacznika... 
polling_station_form_wizard.attachments.error,Bd podczas wysyania zacznika!,Bd podczas wysyania zacznika!
polling_station_form_wizard.attachments.add,"Dodaj notatk, zdjcie lub wideo","Dodaj notatk, zdjcie lub wideo"
polling_station_form_wizard.attachments.menu.add_note,Dodaj notatk,Dodaj notatk
polling_station_form_wizard.attachments.menu.load,Dodaj z galerii,Dodaj z galerii
polling_station_form_wizard.attachments.menu.take_picture,Zr贸b zdjcie,Zr贸b zdjcie
polling_station_form_wizard.attachments.menu.record_video,Nagraj wideo,Nagraj wideo
polling_station_form_wizard.attachments.menu.upload_audio,Wgraj nagranie,Wgraj nagranie
polling_station_form_wizard.attachments.upload.compressing,Kompresowanie zacznika: ,Kompresowanie zacznika: 
polling_station_form_wizard.attachments.upload.preparing,Przygotowanie zacznika...,Przygotowanie zacznika...
polling_station_form_wizard.attachments.upload.starting,Rozpoczynanie wysyania...,Rozpoczynanie wysyania...
polling_station_form_wizard.attachments.upload.progress,Postp wysyania:,Postp wysyania:
polling_station_form_wizard.attachments.upload.completed,Wysyanie zakoczone.,Wysyanie zakoczone.
polling_station_form_wizard.attachments.upload.aborted,Wysyanie przerwane.,Wysyanie przerwane.
polling_station_form_wizard.attachments.upload.offline,"Potrzebujesz poczenia internetowego, aby wykona t akcj.","Potrzebujesz poczenia internetowego, aby wykona t akcj."
polling_station_form_wizard.attachments.upload.abort_offline,"Przejd藕 do internetu, aby kontynuowa lub ponownie rozpocz wysyanie","Przejd藕 do internetu, aby kontynuowa lub ponownie rozpocz wysyanie"
polling_station_form_wizard.attachments.upload.abort_offline_button,Ponowne wysyanie,Ponowne wysyanie
polling_station_form_wizard.attachments.upload.uploaded,Pomylnie wysano {{value}} plik贸w.,Pomylnie wysano {{value}} plik/pliki/plik贸w.
polling_station_form_wizard.attachments.upload.abort_offline_confirm,Czy na pewno chcesz przerwa wysyanie?,Czy na pewno chcesz przerwa wysyanie?
polling_station_form_wizard.attachments.upload.abort_offline_cancel,Anuluj,Anuluj
polling_station_form_wizard.notes.heading,Notatki,Notatki
polling_station_form_wizard.notes.add.heading,Dodaj notatk,Dodaj notatk
polling_station_form_wizard.notes.add.form.input.placeholder,Dodaj istotne informacje dotyczce tego pytania.,Dodaj istotne informacje dotyczce tego pytania.
polling_station_form_wizard.notes.add.form.input.max,"Dane wejciowe nie mog przekracza 10,000 znak贸w","Dane wejciowe nie mog przekracza 10,000 znak贸w"
polling_station_form_wizard.notes.add.form.input.required,To pole jest wymagane,To pole jest wymagane
polling_station_form_wizard.notes.edit.heading,Edytuj notatk,Edytuj notatk
polling_station_form_wizard.notes.edit.delete,Usu notatk,Usu notatk
polling_station_form_wizard.notes.delete.title,Usu notatk,Usu notatk
polling_station_form_wizard.notes.delete.description,Ta akcja nie mo偶e by cofnita. Usunite notatki nie mog zosta przywr贸cone.,Ta akcja nie mo偶e by cofnita. Usunite notatki nie mog zosta przywr贸cone.
polling_station_form_wizard.notes.delete.actions.cancel,Anuluj,Anuluj
polling_station_form_wizard.notes.delete.actions.delete,Usu,Usu
polling_station_form_wizard.warning_modal.question.title,Wyczy odpowied藕 dla pytania{{value}},Wyczy odpowied藕 dla pytania {{value}}.
polling_station_form_wizard.warning_modal.question.description,Wyczyszczenie odpowiedzi usunie wprowadzone dane (jak r贸wnie偶 notatki i zaczniki). Pytanie zostanie przywr贸cone do stanu 'Nie udzielono odpowiedzi'.,Wyczyszczenie odpowiedzi usunie wprowadzone dane (jak r贸wnie偶 notatki i zaczniki). Pytanie zostanie przywr贸cone do stanu 'Nieodpowiedziano'.
polling_station_form_wizard.warning_modal.question.actions.cancel,Anuluj,Anuluj
polling_station_form_wizard.warning_modal.question.actions.clear,Wyczy odpowied藕,Wyczy odpowied藕
polling_station_form_wizard.warning_modal.attachment.title,Usu plik(i),Usu plik(i)
polling_station_form_wizard.warning_modal.attachment.description,Ta akcja nie mo偶e by cofnita. Usunite media nie mog zosta przywr贸cone.,Ta akcja nie mo偶e by cofnita. Usunite media nie mog zosta przywr贸cone.
polling_station_form_wizard.warning_modal.attachment.actions.cancel,Anuluj,Anuluj
polling_station_form_wizard.warning_modal.attachment.actions.clear,Usu,Usu
polling_station_form_wizard.warning_modal.unsaved_answer.title,Zapisz zmiany w pytaniu,Zapisz zmiany w pytaniu
polling_station_form_wizard.warning_modal.unsaved_answer.description,Masz niezapisane zmiany w tym pytaniu. Czy chcesz zapisa zmiany przed wyjciem?,Masz niezapisane zmiany w tym pytaniu. Czy chcesz zapisa zmiany przed wyjciem?
polling_station_form_wizard.warning_modal.unsaved_answer.actions.cancel,Odrzucenie,Odrzu
polling_station_form_wizard.warning_modal.unsaved_answer.actions.save,Zapisz zmiany,Zapisz zmiany
polling_station_form_wizard.error,Bd podczas adowania danych pytania!,Bd podczas adowania danych do pytania!
manage_my_polling_stations.empty.title,Brak odwiedzonych komisji wyborczych,Brak odwiedzonych komisji wyborczych
manage_my_polling_stations.general_text,Zarzdzanie moimi komisjami wyborczymi,Zarzdzanie moimi komisjami wyborczymi
manage_my_polling_stations.ps_card.header,Komisj wyborcz #{{value}},Komisja wyborcza #{{value}}
manage_my_polling_stations.ps_card.l1,[Location L1],[Lokalizacja L1]
manage_my_polling_stations.ps_card.l2,[Location L2],[Lokalizacja L2]
manage_my_polling_stations.ps_card.l3,[Location L3],[Lokalizacja L3]
manage_my_polling_stations.ps_card.l4,[Location L4],[Lokalizacja L4]
manage_my_polling_stations.ps_card.l5,[Location L5],[Lokalizacja L5]
manage_my_polling_stations.ps_card.street,Ulica,Ulica
manage_my_polling_stations.ps_card.ps_number,Numer komisji wyborczej,Numer komisji wyborczej
manage_my_polling_stations.warning_dialog.title,Usu komisj wyborcz #{{value}},Usu komisj wyborcz #{{value}}
manage_my_polling_stations.warning_dialog.description,Ta czynno spowoduje usunicie komisji wyborczej z listy odwiedzanych lokali wyborczych. Mo偶esz doda go ponownie poprzez proces Dodaj now komisj wyborcz.,"Ta czynno spowoduje usunicie komisji wyborczej z listy odwiedzanych lokali wyborczych. Mo偶esz doda go ponownie poprzez proces ""Dodaj now komisj wyborcz""."
manage_my_polling_stations.warning_dialog.actions.cancel,Anuluj,Anuluj
manage_my_polling_stations.warning_dialog.actions.remove,Usu,Usu
manage_my_polling_stations.warning_dialog.actions.loading,Wysyanie...,Wysyanie...
manage_my_polling_stations.removal_unallowed_dialog.title,Usunicie komisj wyborcz #{{value}} nie jest dozwolone,Usunicie komisji wyborczej #{{value}} nie jest dozwolone
manage_my_polling_stations.removal_unallowed_dialog.description,"Komisj wyborcz nie mo偶na usun z Twojej listy, poniewa偶 zawiera ona dane (informacje o komisj wyborcz i/lub odpowiedzi z formularza), kt贸rych system w Twoim imieniu nie mo偶e usun. Jeli chcesz usun t komisj wyborcz, usu zaznaczenie komisj wyborcz informacji i formularza odpowiedzi rcznie, a nastpnie spr贸buj ponownie wykona t czynno.","Komisj wyborcz nie mo偶na usun z Twojej listy, poniewa偶 zawiera dane (informacje o komisji wyborczej i/lub odpowiedzi z formularza), kt贸rych system w Twoim imieniu nie mo偶e usun. Jeli chcesz usun t komisj wyborcz, najpierw usu rcznie wszystkie informacje o komisji i odpowiedzi w formularzach, a nastpnie pon贸 pr贸b usunicia komisji."
manage_my_polling_stations.delete_success,Komisja wyborcza zostaa pomylnie usunita!,Komisja wyborcza zostaa pomylnie usunita!
manage_my_polling_stations.delete_error,Napotkalimy problem podczas usuwania wizyty komisji wyborczej. Spr贸buj ponownie.,Napotkalimy problem podczas usuwania wizyty komisji wyborczej. Spr贸buj ponownie.
manage_my_polling_stations.offline_error_toast_msg,"Aby wykona t czynno, potrzebujesz poczenia internetowego.","Aby wykona t czynno, potrzebujesz poczenia internetowego."
quick_report.list.title,Szybki raport,Szybki raport
quick_report.list.heading,Moje zgoszone sprawy,Moje zgoszone sprawy
quick_report.list.error,Bd podczas adowania raport贸w!,Bd podczas adowania raport贸w!
quick_report.list.empty,Wylij 'szybki raport' do swojej organizacji jeli zauwa偶ye/a jakie nieregularnoci w komisji wyborczej lub jej otoczeniu.,Wylij 'szybki raport' do swojej organizacji jeli zauwa偶ye/a jakie nieprawidowoci w komisji wyborczej lub jej otoczeniu.
quick_report.list.add,Zgo now spraw,Zgo now spraw
quick_report.list.no_files,Brak zaczonych plik贸w,Brak zaczonych plik贸w
quick_report.list.attachment_one,{{count}} plik zacznika,{{count}} zacznik
quick_report.list.attachment_other,{{count}} pliki zacznik贸w,{{count}} zaczniki/zacznik贸w
quick_report.attachments.heading,Przesane multimedia,Przesane multimedia
quick_report.attachments.loading,Dodawanie zacznika...,Dodawanie zacznika...
quick_report.attachments.upload.preparing,Przygotowanie zacznika...,Przygotowanie zacznika...
quick_report.attachments.upload.starting,Rozpoczcie przesyania...,Rozpoczcie przesyania...
quick_report.attachments.upload.progress,Postp przesyania:,Postp przesyania:
quick_report.attachments.upload.completed,Przesyanie zakoczone.,Przesyanie zakoczone.
quick_report.attachments.upload.aborted,Przesyanie zostao przerwane.,Przesyanie zostao przerwane.
quick_report.attachments.error,Bd podczas wysyania zacznika!,Bd podczas wysyania zacznika!
quick_report.options_menu.manage_my_polling_stations,Zarzdzanie moimi komisjami wyborczymi,Zarzdzanie moimi komisjami wyborczymi
quick_report.info_modal.p1,W tej sekcji mo偶na szybko zgosi wszelkie nieprawidowoci wyborcze zaobserwowane w lokalach wyborczych lub pobliskich obszarach.,W tej sekcji mo偶na szybko zgosi wszelkie nieprawidowoci wyborcze zaobserwowane w lokalach wyborczych lub pobliskich obszarach.
quick_report.info_modal.p2,"Funkcja ta umo偶liwia natychmiastowe powiadamianie organizacji, poza zwykymi formularzami obserwacji, zapewniajc szybkie zajcie si pilnymi kwestiami.","Funkcja ta umo偶liwia natychmiastowe powiadamianie organizacji, poza zwykymi formularzami obserwacji, zapewniajc szybkie zajcie si pilnymi kwestiami."
report_new_issue.title,Zgo now spraw,Zgo now spraw
report_new_issue.upload.compressing,Kompresowanie zacznika: ,Kompresowanie zacznika: 
report_new_issue.upload.preparing,Przygotowanie zacznika...,Przygotowanie zacznika...
report_new_issue.upload.starting,Rozpoczynanie wysyania...,Rozpoczynanie wysyania...
report_new_issue.upload.progress,Wysyanie zacznik贸w: ,Wysyanie zacznik贸w: 
report_new_issue.upload.completed,Wysyanie zakoczone.,Wysyanie zakoczone.
report_new_issue.upload.aborted,Wysyanie przerwane.,Wysyanie przerwane.
report_new_issue.upload.offline,"Potrzebujesz poczenia internetowego, aby wykona t akcj.","Potrzebujesz poczenia internetowego, aby wykona t akcj."
report_new_issue.media.heading,Wybrane media,Wybrane media
report_new_issue.media.add,Dodaj pliki multimedialne,Dodaj pliki multimedialne
report_new_issue.media.error,Bd podczas wysyania zacznika!,Bd podczas wysyania zacznika!
report_new_issue.media.menu.load,Zaaduj z galerii,Zaaduj z galerii
report_new_issue.media.menu.take_picture,Zr贸b zdjcie,Zr贸b zdjcie
report_new_issue.media.menu.record_video,Nagraj wideo,Nagraj wideo
report_new_issue.media.menu.upload_audio,Wgraj nagranie,Wgraj nagranie
report_new_issue.form.polling_station_id.label,Komisja wyborcza *,Komisja wyborcza *
report_new_issue.form.polling_station_id.placeholder,Wybierz komisj wyborcz,Wybierz komisj wyborcz
report_new_issue.form.polling_station_id.extra,"Zapisz prosz szczeg贸y komisji wyborczej , kt贸re pozwol j zidentyfikowa (adres, nazwa, numer itd)","Zapisz prosz szczeg贸y komisji wyborczej , kt贸re pozwol j zidentyfikowa (adres, nazwa, numer itd)"
report_new_issue.form.polling_station_id.required,To pole jest wymagane.,To pole jest wymagane.
report_new_issue.form.polling_station_id.options.other,Inna komisja wyborcza,Inna komisja wyborcza
report_new_issue.form.polling_station_id.options.not_related,Bez zwizku z komisj wyborcz,Bez zwizku z komisj wyborcz
report_new_issue.form.incident_category.label,Kategoria incydentu*,Kategoria incydentu*
report_new_issue.form.incident_category.placeholder,Kategoria,Kategoria
report_new_issue.form.incident_category.required,To pole jest wymagane.,To pole jest wymagane.
report_new_issue.form.incident_category.options.PhysicalViolenceIntimidationPressure,Przemoc fizyczna/zastraszanie/nacisk,Przemoc fizyczna/zastraszanie/nacisk
report_new_issue.form.incident_category.options.CampaigningAtPollingStation,Kampania w lokalu wyborczym,Kampania w lokalu wyborczym
report_new_issue.form.incident_category.options.RestrictionOfObserversRights,Ograniczenie praw obserwatora (przedstawiciela/medi贸w),Ograniczenie praw obserwatora (przedstawiciela/medi贸w)
report_new_issue.form.incident_category.options.UnauthorizedPersonsAtPollingStation,Osoby nieupowa偶nione w lokalu wyborczym,Osoby nieupowa偶nione w lokalu wyborczym
report_new_issue.form.incident_category.options.ViolationDuringVoterVerificationProcess,Naruszenie podczas procesu weryfikacji wyborc贸w,Naruszenie podczas procesu weryfikacji wyborc贸w
report_new_issue.form.incident_category.options.VotingWithImproperDocumentation,Gosowanie z nieprawidow dokumentacj,Gosowanie z nieprawidow dokumentacj
report_new_issue.form.incident_category.options.IllegalRestrictionOfVotersRightToVote,Nielegalne ograniczenie prawa wyborcy do gosowania,Nielegalne ograniczenie prawa wyborcy do gosowania
report_new_issue.form.incident_category.options.DamagingOrSeizingElectionMaterials,Zniszczenie/zajcie materia贸w wyborczych,Zniszczenie/zajcie materia贸w wyborczych
report_new_issue.form.incident_category.options.ImproperFilingOrHandlingOfElectionDocumentation,Niewaciwe skadanie/obsuga dokumentacji wyborczej,Niewaciwe skadanie/obsuga dokumentacji wyborczej
report_new_issue.form.incident_category.options.BallotStuffing,Faszowanie gos贸w,Faszowanie gos贸w
report_new_issue.form.incident_category.options.ViolationsRelatedToControlPaper,Naruszenia zwizane z dokumentacj kontroln,Naruszenia zwizane z dokumentacj kontroln
report_new_issue.form.incident_category.options.NotCheckingVoterIdentificationSafeguardMeasures,Niesprawdzanie rodk贸w bezpieczestwa identyfikacji wyborc贸w,Niesprawdzanie rodk贸w bezpieczestwa identyfikacji wyborc贸w
report_new_issue.form.incident_category.options.VotingWithoutVoterIdentificationSafeguardMeasures,Gosowanie bez identyfikacji wyborcy  rodki bezpieczestwa,Gosowanie bez identyfikacji wyborcy  rodki bezpieczestwa
report_new_issue.form.incident_category.options.BreachOfSecrecyOfVote,Naruszenie tajnoci gosowania,Naruszenie tajnoci gosowania
report_new_issue.form.incident_category.options.ViolationsRelatedToMobileBallotBox,Naruszenia zwizane z mobiln urn wyborcz,Naruszenia zwizane z mobiln urn wyborcz
report_new_issue.form.incident_category.options.NumberOfBallotsExceedsNumberOfVoters,Liczba oddanych gos贸w przekracza liczb wyborc贸w,Liczba oddanych gos贸w przekracza liczb wyborc贸w
report_new_issue.form.incident_category.options.ImproperInvalidationOrValidationOfBallots,Nieprawidowe uniewa偶nianie/walidowanie gos贸w,Nieprawidowe uniewa偶nianie/walidowanie gos贸w
report_new_issue.form.incident_category.options.FalsificationOrImproperCorrectionOfFinalProtocol,Faszowanie/nieprawidowa korekta protokou kocowego,Faszowanie/nieprawidowa korekta protokou kocowego
report_new_issue.form.incident_category.options.RefusalToIssueCopyOfFinalProtocolOrIssuingImproperCopy,Odmowa wydania kopii protokou kocowego/wydanie niewaciwej kopii,Odmowa wydania kopii protokou kocowego/wydanie niewaciwej kopii
report_new_issue.form.incident_category.options.ImproperFillingInOfFinalProtocol,Nieprawidowe wypenienie protokou kocowego,Nieprawidowe wypenienie protokou kocowego
report_new_issue.form.incident_category.options.ViolationOfSealingProceduresOfElectionMaterials,Naruszenie procedur piecztowania materia贸w wyborczych,Naruszenie procedur piecztowania materia贸w wyborczych
report_new_issue.form.incident_category.options.ViolationsRelatedToVoterLists,Naruszenia zwizane z listami wyborc贸w,Naruszenia zwizane z listami wyborc贸w
report_new_issue.form.incident_category.options.Other,Inny,Inny
report_new_issue.form.polling_station_details.label,Szczeg贸y komisji wyborczej *,Szczeg贸y komisji wyborczej *
report_new_issue.form.polling_station_details.placeholder,"Zapisz prosz szczeg贸y komisji wyborczej , kt贸re pozwol j zidentyfikowa (adres, nazwa, numer itd)","Zapisz prosz szczeg贸y komisji wyborczej , kt贸re pozwol j zidentyfikowa (adres, nazwa, numer itd)"
report_new_issue.form.polling_station_details.required,To pole jest wymagane.,To pole jest wymagane.
report_new_issue.form.polling_station_details.max,Dane wejciowe nie mog przekracza {{value}} znak贸w,Dane wejciowe nie mog przekracza {{value}} znak贸w
report_new_issue.form.issue_title.label,Temat *,Temat *
report_new_issue.form.issue_title.placeholder,Okrel temat sytuacji,Okrel temat sprawy
report_new_issue.form.issue_title.required,Tytu problemu jest wymagany,Temat sprawy jest wymagany
report_new_issue.form.issue_title.max,Dane wejciowe nie mog przekracza {{value}} znak贸w,Dane wejciowe nie mog przekracza {{value}} znak贸w
report_new_issue.form.issue_description.label,Opis *,Opis *
report_new_issue.form.issue_description.placeholder,Opisz szczeg贸y sytuacji,Opisz szczeg贸y sprawy
report_new_issue.form.issue_description.required,Wymagany jest opis problemu,Wymagany jest opis problemu
report_new_issue.form.issue_description.max,Dane wejciowe nie mog przekracza {{value}} znak贸w,Dane wejciowe nie mog przekracza {{value}} znak贸w
report_new_issue.form.submit,Zgo spraw,Zgo spraw
report_new_issue.form.clear,Wyczy,Wyczy
report_new_issue.form.loading,Przetwarzanie...,Przetwarzanie...
report_new_issue.form.error,Bd podczas adowania raportu,Bd podczas adowania raportu
report_details.title,Szybki tytu raportu,Szybki tytu raportu
report_details.uploaded_media,Wybrane media,Wybrane media
report_details.no_files,Brak zaczonych plik贸w,Brak zaczonych plik贸w
report_details.error,Bd podczas adowania raportu,Bd podczas adowania raportu
guides.title,Zasoby,Zasoby
guides.empty.heading,Brak nowych podrcznik贸w,Brak nowych podrcznik贸w
guides.empty.paragraph,Podrczniki i inne zasoby udostpnione przez Twoj organizacj.,Podrczniki i inne zasoby udostpnione przez Twoj organizacj.
guides.list.heading,Podrczniki,Podrczniki
guides.list.guide.backup_title,Dokument,Dokument
guides.list.guide.created_on,Utworzono dnia,Utworzono
guides.options_sheet.manage_my_polling_stations,Zarzdzanie moimi komisjami wyborczymi,Zarzdzanie moimi komisjami wyborczymi
guides.info_modal,"W tej sekcji znajduj si kluczowe informacje i zasoby majce pom贸c w obserwowaniu proces贸w wyborczych i zgaszaniu wszelkich kwestii wyborczych lub nieprawidowoci, kt贸re napotkasz jako niezale偶ny obserwator.","W tej sekcji znajduj si kluczowe informacje i zasoby majce pom贸c w obserwowaniu proces贸w wyborczych i zgaszaniu wszelkich kwestii wyborczych lub nieprawidowoci, kt贸re napotkasz jako niezale偶ny obserwator."
resources.title,Zasoby,Zasoby
resources.info,"W tej sekcji znajdziesz kluczowe informacje i zasoby zaprojektowane, aby pom贸c Ci obserwowa procesy wyborcze i zgasza wszelkie problemy lub nieprawidowoci wyborcze, kt贸re napotkasz jako obywatel.","W tej sekcji znajdziesz kluczowe informacje i zasoby zaprojektowane, aby pom贸c Ci obserwowa procesy wyborcze i zgasza wszelkie problemy lub nieprawidowoci wyborcze, kt贸re napotkasz jako obywatel."
resources.empty.heading,Brak jeszcze przewodnik贸w do przeczytania,Brak jeszcze przewodnik贸w do przeczytania
resources.empty.paragraph,Przewodniki i zasoby dotyczce obserwacji proces贸w wyborczych i zgaszania problem贸w jako obywatel s na wycignicie rki.,Przewodniki i zasoby dotyczce obserwacji proces贸w wyborczych i zgaszania problem贸w jako wyborca s na wycignicie rki.
resources.types.Document,Typ pliku PDF,Typ pliku PDF
resources.types.Website,Zewntrzny adres URL,Zewntrzny adres URL
resources.types.Text,Przewodnik w aplikacji,Przewodnik po aplikacji
inbox.title,Skrzynka odbiorcza,Poczta
inbox.empty.heading,Brak wiadomoci,Brak wiadomoci
inbox.empty.paragraph,Tu pojawi si wiadomoci i alerty przesane przez Twoj organizacj.,Tu pojawi si wiadomoci i alerty przesane przez Twoj organizacj.
inbox.banner,Wiadomoci od {{ngoName}},Wiadomoci od: {{ngoName}}
inbox.today,Dzisiaj,Dzisiaj
inbox.your_organization,twoja organizacja,twoja organizacja
inbox.menu.manage_polling_stations,Zarzdzanie moimi komisjami wyborczymi,Zarzdzanie moimi komisjami wyborczymi
inbox.info_modal.p1,"W tej skrzynce odbiorczej bdziesz otrzymywa aktualizacje na 偶ywo i wiadomoci od organizacji pozarzdowej, kt贸ra akredytowaa Ci jako obserwatora.","W tej skrzynce odbiorczej bdziesz otrzymywa aktualizacje na 偶ywo i wiadomoci od organizacji pozarzdowej, kt贸ra akredytowaa Ci jako obserwatora."
inbox.info_modal.p2,"Sprawdzaj okresowo, czy nie otrzymae nowych informacji istotnych dla Twojej aktywnoci obserwacyjnej.","Sprawdzaj okresowo, czy nie otrzymae nowych informacji istotnych dla Twojej aktywnoci obserwacyjnej."
updates.title,Aktualizacje,Aktualizacje
updates.empty.heading,Nie otrzymano jeszcze 偶adnych aktualizacji,Nie otrzymano jeszcze 偶adnych aktualizacji
updates.empty.paragraph,Tutaj pojawi si aktualizacje dotyczce okresu wyborczego.,Tutaj pojawi si aktualizacje dotyczce wybor贸w.
updates.info_modal.p1,"W tej sekcji spodziewaj si otrzymywa bie偶ce aktualizacje od zespou Vote Monitor dotyczce wybor贸w, istotne dla Ciebie jako obywatela zainteresowanego zaanga偶owaniem obywatelskim.","W tej sekcji spodziewaj si otrzymywa bie偶ce aktualizacje od zespou Vote Monitor dotyczce wybor贸w, istotne dla Ciebie jako zaanga偶owanego obywatela."
updates.info_modal.p2,"Sprawdzaj okresowo, czy otrzymae jakie nowe informacje.","Sprawdzaj okresowo, czy otrzymae jakie nowe informacje."
more.title,Wicej,Wicej
more.change-language,Zmie jzyk appki,Zmie jzyk aplikacji
more.change-password,Zmie haso,Zmie haso
more.terms,Zasady i warunki,Regulamin
more.privacy_policy,Polityka prywatnoci,Polityka prywatnoci
more.about,O Vote Monitor,O Vote Monitor
more.app_version,Wersja Vote Monitor {{value}},Wersja Vote Monitor {{value}}
more.support,Zadzwo na hotline NGO,Zadzwo na infolini dla organizacji pozarzdowych
more.feedback,Masz uwagi do aplikacji?,Przeka偶 opini o aplikacji
more.logout,Wyloguj,Wyloguj
more.logged_in,Zalogowano jako {{user}},Zalogowano jako {{user}}
more.warning_modal.logout_offline.title,Ostrze偶enie: Twoje dane nie s zsynchronizowane,Ostrze偶enie: Twoje dane nie s zsynchronizowane
more.warning_modal.logout_offline.description,"Aktualnie jeste offline. Jeli si teraz wylogujesz, wszystkie formularze, zaczniki i notatki wypenione lub przesane offline zostan utracone.

Aby unikn utraty danych, przed wylogowaniem pocz si ponownie z internetem.","Aktualnie jeste offline. Jeli si teraz wylogujesz, wszystkie formularze, zaczniki i notatki wypenione lub przesane offline zostan utracone.

Aby unikn utraty danych, przed wylogowaniem pocz si ponownie z internetem."
more.warning_modal.logout_offline.cancel,Anuluj,Anuluj
more.warning_modal.logout_offline.action,Wyloguj,Wyloguj
more.warning_modal.logout_online.title,Czy na pewno chcesz si wylogowa?,Czy na pewno chcesz si wylogowa?
more.warning_modal.logout_online.cancel,Anuluj,Anuluj
more.warning_modal.logout_online.action,Wyloguj,Wyloguj
more.feedback_toast.success,Wysano opini!,Wysano opini!
more.feedback_toast.offline,"Aby wykona t akcj, potrzebujesz poczenia z Internetem.","Aby wykona t akcj, potrzebujesz poczenia z Internetem."
more.feedback_toast.error,Bd podczas dodawania opinii!,Bd podczas dodawania opinii!
more.feedback_toast.required,To pole jest wymagane,To pole jest wymagane
more.feedback_sheet.heading,Przelij nam swoj opini,Przelij nam swoj opini
more.feedback_sheet.p1,"Podziel si z nami wszelkimi problemami, kt贸re napotkasz podczas korzystania z aplikacji lub sugestiami dotyczcymi ulepszenia Vote Monitor w przyszoci. Jestemy wdziczni za ka偶d opini!","Podziel si z nami wszelkimi problemami, kt贸re napotkasz podczas korzystania z aplikacji lub sugestiami dotyczcymi ulepszenia Vote Monitor w przyszoci. Jestemy wdziczni za ka偶d opini!"
more.feedback_sheet.placeholder,Napisz tutaj swoj opini...,Napisz tutaj swoj opini...
more.feedback_sheet.cancel,Anuluj,Anuluj
more.feedback_sheet.action,Wysa,Wylij
more.feedback_sheet.input.max,Dane wejciowe nie mog przekracza {{value}} znak贸w,Dane wejciowe nie mog przekracza {{value}} znak贸w
more.options_sheet.manage_my_polling_stations,Zarzdzanie moimi komisjami wyborczymi,Zarzdzanie moimi komisjami wyborczymi
change_password.title,Zmie haso,Zmie haso
change_password.form.current_password.label,Obecne haso *,Obecne haso *
change_password.form.current_password.placeholder,Wpisz aktualne haso,Wpisz aktualne haso
change_password.form.current_password.required,Haso jest obowizkowe,Haso jest obowizkowe
change_password.form.current_password.credentials_error,Bie偶ce haso jest nieprawidowe,Bie偶ce haso jest nieprawidowe
change_password.form.new_password.label,Nowe haso *,Nowe haso *
change_password.form.new_password.placeholder,Wprowad藕 nowe haso,Wprowad藕 nowe haso
change_password.form.new_password.helper,Musi zawiera co najmniej 8 znak贸w.,Musi zawiera co najmniej 8 znak贸w.
change_password.form.new_password.required,Haso jest obowizkowe,Nowe haso jest obowizkowe
change_password.form.confirm_password.label,Potwierd藕 nowe haso *,Potwierd藕 nowe haso *
change_password.form.confirm_password.placeholder,Potwierd藕 haso,Potwierd藕 haso
change_password.form.confirm_password.helper,Oba hasa musz by takie same.,Oba hasa musz by takie same.
change_password.form.confirm_password.required,Haso jest obowizkowe,Nowe haso jest obowizkowe
change_password.form.confirm_password.no_match,Hasa nie s takie same.,Hasa nie s takie same.
change_password.form.save,Zapisz nowe haso,Zapisz nowe haso
change_password.confirmation.heading,Hasa zmienione!,Hasa zmienione!
change_password.confirmation.paragraph,Haso zostao skutecznie zmienione.,Haso zostao skutecznie zmienione.
change_password.confirmation.confirm,Wr贸 do aplikacji,Wr贸 do aplikacji
change_password.error.offline,Aplikacja jest w trybie offline i nie mo偶e wykona 偶dania,Aplikacja jest w trybie offline i nie mo偶na wykona 偶dania
generic_error_screen.paragraph1,Co poszo nie tak!,Co poszo nie tak!
generic_error_screen.paragraph2,Nie moglimy odzyska danych po tym bdzie. Sprawd藕 swoje poczenie internetowe i uruchom ponownie aplikacj!,Nie moglimy odzyska danych po tym bdzie. Sprawd藕 swoje poczenie internetowe i uruchom ponownie aplikacj!
generic_error_screen.retry,Spr贸bowa ponownie,Spr贸bowa ponownie
generic_error_screen.logout,Wyloguj,Wyloguj
network_banner.online,Aplikacja odzyskaa poczenie z sieci. Wszystkie informacje pomylnie zsynchronizowano.,Aplikacja odzyskaa poczenie z sieci. Wszystkie informacje pomylnie zsynchronizowano.
network_banner.offline,Tryb offline. Dane zachowane lokalnie.,Tryb offline. Dane zachowane lokalnie.
network_banner.offline_citizen,"Tryb offline. Potrzebujesz internetu, aby wypeni formularz.","Tryb offline. Potrzebujesz internetu, aby wypeni formularz."
network_banner.more_details,Wicej szczeg贸贸w,Wicej szczeg贸贸w
network_banner.offline_warning,"Wyglda na to, 偶e jeste offline. Uszy do g贸ry, odpowiedzi, kt贸rych udzielie/a zostay bezpiecznie zapisane na tym urzdzeniu i zostan zsynchronizowane, gdy tylko odzyskasz poczenie z sieci. Mo偶esz dalej uzupenia formularz i przygotowywa szybkie raporty.","Wyglda na to, 偶e jeste offline. Uszy do g贸ry, odpowiedzi, kt贸rych udzielie/a zostay bezpiecznie zapisane na tym urzdzeniu i zostan zsynchronizowane, gdy tylko odzyskasz poczenie z sieci. Mo偶esz dalej uzupenia formularz i przygotowywa szybkie raporty."
network_banner.offline_warning_citizen,"Wyglda na to, 偶e jeste offline. Aby wypeni formularz, potrzebujesz internetu.","Wyglda na to, 偶e jeste offline. Aby wypeni formularz, potrzebujesz internetu."
sync.sync_data,Synchronizowanie danych offline...,Synchronizowanie danych offline...
sync.warning,"NIE ZAMKNIJ aplikacji ani poczenia internetowego, w przeciwnym razie dane zostan utracone.","NIE ZAMYKAJ aplikacji ani poczenia internetowego, w przeciwnym razie dane zostan utracone."
sync.files,"Przesyamy Twoje pliki, mo偶e to chwil potrwa...","Przesyamy Twoje pliki, mo偶e to chwil potrwa..."
