"level1","level2","level3","level4","level5"
"ALBA","AIUD",,,
"ALBA","ALBA IULIA",,,
"ALBA","ALBAC",,,
"ALBA","ALMAȘU MARE",,,
"ALBA","ARIEȘENI",,,
"ALBA","AVRAM IANCU",,,
"ALBA","BERGHIN",,,
"ALBA","BISTRA",,,
"ALBA","BLAJ",,,
"ALBA","BLANDIANA",,,
"ALBA","BUCERDEA GRÂNOASĂ",,,
"ALBA","BUCIUM",,,
"ALBA","CENADE",,,
"ALBA","CERGĂU",,,
"ALBA","CERU-BĂCĂINȚI",,,
"ALBA","CETATEA DE BALTĂ",,,
"ALBA","CIUGUD",,,
"ALBA","CIURULEASA",,,
"ALBA","CRICĂU",,,
"ALBA","CRĂCIUNELU DE JOS",,,
"ALBA","CUT",,,
"ALBA","CÂLNIC",,,
"ALBA","DAIA ROMÂNĂ",,,
"ALBA","DOȘTAT",,,
"ALBA","FĂRĂU",,,
"ALBA","GALDA DE JOS",,,
"ALBA","GÂRBOVA",,,
"ALBA","GÂRDA DE SUS",,,
"ALBA","HOPÂRTA",,,
"ALBA","HOREA",,,
"ALBA","IGHIU",,,
"ALBA","JIDVEI",,,
"ALBA","LIVEZILE",,,
"ALBA","LOPADEA NOUĂ",,,
"ALBA","LUNCA MUREȘULUI",,,
"ALBA","LUPȘA",,,
"ALBA","METEȘ",,,
"ALBA","MIHALȚ",,,
"ALBA","MIRĂSLĂU",,,
"ALBA","MOGOȘ",,,
"ALBA","NOȘLAC",,,
"ALBA","OCOLIȘ",,,
"ALBA","OHABA",,,
"ALBA","ORAȘ ABRUD",,,
"ALBA","ORAȘ BAIA DE ARIEȘ",,,
"ALBA","ORAȘ CUGIR",,,
"ALBA","ORAȘ CÂMPENI",,,
"ALBA","ORAȘ OCNA MUREȘ",,,
"ALBA","ORAȘ TEIUȘ",,,
"ALBA","ORAȘ ZLATNA",,,
"ALBA","PIANU",,,
"ALBA","POIANA VADULUI",,,
"ALBA","PONOR",,,
"ALBA","POȘAGA",,,
"ALBA","ROȘIA DE SECAȘ",,,
"ALBA","ROȘIA MONTANĂ",,,
"ALBA","RÂMETEA",,,
"ALBA","RÂMEȚ",,,
"ALBA","RĂDEȘTI",,,
"ALBA","SCĂRIȘOARA",,,
"ALBA","SEBEȘ",,,
"ALBA","SOHODOL",,,
"ALBA","STREMȚ",,,
"ALBA","SÂNCEL",,,
"ALBA","SÂNTIMBRU",,,
"ALBA","SĂLCIUA",,,
"ALBA","SĂLIȘTEA",,,
"ALBA","SĂSCIORI",,,
"ALBA","UNIREA",,,
"ALBA","VADU MOȚILOR",,,
"ALBA","VALEA LUNGĂ",,,
"ALBA","VIDRA",,,
"ALBA","VINȚU DE JOS",,,
"ALBA","ÎNTREGALDE",,,
"ALBA","ȘIBOT",,,
"ALBA","ȘONA",,,
"ALBA","ȘPRING",,,
"ALBA","ȘUGAG",,,
"ARAD","ALMAȘ",,,
"ARAD","APATEU",,,
"ARAD","ARAD",,,
"ARAD","ARCHIȘ",,,
"ARAD","BATA",,,
"ARAD","BELIU",,,
"ARAD","BIRCHIȘ",,,
"ARAD","BOCSIG",,,
"ARAD","BRAZII",,,
"ARAD","BUTENI",,,
"ARAD","BÂRSA",,,
"ARAD","BÂRZAVA",,,
"ARAD","CERMEI",,,
"ARAD","CHISINDIA",,,
"ARAD","CONOP",,,
"ARAD","COVĂSINȚ",,,
"ARAD","CRAIVA",,,
"ARAD","CĂRAND",,,
"ARAD","DEZNA",,,
"ARAD","DIECI",,,
"ARAD","DOROBANȚI",,,
"ARAD","FELNAC",,,
"ARAD","FRUMUȘENI",,,
"ARAD","FÂNTÂNELE",,,
"ARAD","GHIOROC",,,
"ARAD","GRĂNICERI",,,
"ARAD","GURAHONȚ",,,
"ARAD","HĂLMAGIU",,,
"ARAD","HĂLMĂGEL",,,
"ARAD","HĂȘMAȘ",,,
"ARAD","IGNEȘTI",,,
"ARAD","IRATOȘU",,,
"ARAD","LIVADA",,,
"ARAD","MACEA",,,
"ARAD","MIȘCA",,,
"ARAD","MONEASA",,,
"ARAD","OLARI",,,
"ARAD","ORAȘ CHIȘINEU-CRIȘ",,,
"ARAD","ORAȘ CURTICI",,,
"ARAD","ORAȘ INEU",,,
"ARAD","ORAȘ LIPOVA",,,
"ARAD","ORAȘ NĂDLAC",,,
"ARAD","ORAȘ PECICA",,,
"ARAD","ORAȘ PÂNCOTA",,,
"ARAD","ORAȘ SEBIȘ",,,
"ARAD","ORAȘ SÂNTANA",,,
"ARAD","PEREGU MARE",,,
"ARAD","PETRIȘ",,,
"ARAD","PILU",,,
"ARAD","PLEȘCUȚA",,,
"ARAD","PĂULIȘ",,,
"ARAD","SECUSIGIU",,,
"ARAD","SELEUȘ",,,
"ARAD","SEMLAC",,,
"ARAD","SINTEA MARE",,,
"ARAD","SOCODOR",,,
"ARAD","SĂVÂRȘIN",,,
"ARAD","TAUȚ",,,
"ARAD","TÂRNOVA",,,
"ARAD","USUSĂU",,,
"ARAD","VINGA",,,
"ARAD","VLADIMIRESCU",,,
"ARAD","VÂRFURILE",,,
"ARAD","VĂRĂDIA DE MUREȘ",,,
"ARAD","ZERIND",,,
"ARAD","ZIMANDU NOU",,,
"ARAD","ZĂBRANI",,,
"ARAD","ZĂDĂRENI",,,
"ARAD","ZĂRAND",,,
"ARAD","ȘAGU",,,
"ARAD","ȘEITIN",,,
"ARAD","ȘEPREUȘ",,,
"ARAD","ȘICULA",,,
"ARAD","ȘILINDIA",,,
"ARAD","ȘIMAND",,,
"ARAD","ȘIRIA",,,
"ARAD","ȘIȘTAROVĂȚ",,,
"ARAD","ȘOFRONEA",,,
"ARGEȘ","ALBEȘTII DE ARGEȘ",,,
"ARGEȘ","ALBEȘTII DE MUSCEL",,,
"ARGEȘ","ALBOTA",,,
"ARGEȘ","ANINOASA",,,
"ARGEȘ","AREFU",,,
"ARGEȘ","BASCOV",,,
"ARGEȘ","BELEȚI-NEGREȘTI",,,
"ARGEȘ","BEREVOEȘTI",,,
"ARGEȘ","BOGAȚI",,,
"ARGEȘ","BOTENI",,,
"ARGEȘ","BOȚEȘTI",,,
"ARGEȘ","BRADU",,,
"ARGEȘ","BRĂDULEȚ",,,
"ARGEȘ","BUDEASA",,,
"ARGEȘ","BUGHEA DE JOS",,,
"ARGEȘ","BUGHEA DE SUS",,,
"ARGEȘ","BUZOEȘTI",,,
"ARGEȘ","BÂRLA",,,
"ARGEȘ","BĂBANA",,,
"ARGEȘ","BĂICULEȘTI",,,
"ARGEȘ","BĂLILEȘTI",,,
"ARGEȘ","CEPARI",,,
"ARGEȘ","CETĂȚENI",,,
"ARGEȘ","CICĂNEȘTI",,,
"ARGEȘ","CIOFRÂNGENI",,,
"ARGEȘ","CIOMĂGEȘTI",,,
"ARGEȘ","COCU",,,
"ARGEȘ","CORBENI",,,
"ARGEȘ","CORBI",,,
"ARGEȘ","COTMEANA",,,
"ARGEȘ","COȘEȘTI",,,
"ARGEȘ","CUCA",,,
"ARGEȘ","CURTEA DE ARGEȘ",,,
"ARGEȘ","CÂMPULUNG",,,
"ARGEȘ","CĂLDĂRARU",,,
"ARGEȘ","CĂLINEȘTI",,,
"ARGEȘ","CĂTEASCA",,,
"ARGEȘ","DAVIDEȘTI",,,
"ARGEȘ","DOBREȘTI",,,
"ARGEȘ","DOMNEȘTI",,,
"ARGEȘ","DRAGOSLAVELE",,,
"ARGEȘ","DRĂGANU",,,
"ARGEȘ","DÂMBOVICIOARA",,,
"ARGEȘ","DÂRMĂNEȘTI",,,
"ARGEȘ","GODENI",,,
"ARGEȘ","HÂRSEȘTI",,,
"ARGEȘ","HÂRTIEȘTI",,,
"ARGEȘ","IZVORU",,,
"ARGEȘ","LEORDENI",,,
"ARGEȘ","LEREȘTI",,,
"ARGEȘ","LUNCA CORBULUI",,,
"ARGEȘ","MERIȘANI",,,
"ARGEȘ","MICEȘTI",,,
"ARGEȘ","MIHĂEȘTI",,,
"ARGEȘ","MIOARELE",,,
"ARGEȘ","MIROȘI",,,
"ARGEȘ","MORĂREȘTI",,,
"ARGEȘ","MOZĂCENI",,,
"ARGEȘ","MOȘOAIA",,,
"ARGEȘ","MUȘĂTEȘTI",,,
"ARGEȘ","MĂLURENI",,,
"ARGEȘ","MĂRĂCINENI",,,
"ARGEȘ","NEGRAȘI",,,
"ARGEȘ","NUCȘOARA",,,
"ARGEȘ","OARJA",,,
"ARGEȘ","ORAȘ COSTEȘTI",,,
"ARGEȘ","ORAȘ MIOVENI",,,
"ARGEȘ","ORAȘ TOPOLOVENI",,,
"ARGEȘ","ORAȘ ȘTEFĂNEȘTI",,,
"ARGEȘ","PIETROȘANI",,,
"ARGEȘ","PITEȘTI",,,
"ARGEȘ","POIANA LACULUI",,,
"ARGEȘ","POIENARII DE ARGEȘ",,,
"ARGEȘ","POIENARII DE MUSCEL",,,
"ARGEȘ","POPEȘTI",,,
"ARGEȘ","PRIBOIENI",,,
"ARGEȘ","RECEA",,,
"ARGEȘ","ROCIU",,,
"ARGEȘ","RUCĂR",,,
"ARGEȘ","RÂCA",,,
"ARGEȘ","RĂTEȘTI",,,
"ARGEȘ","SCHITU GOLEȘTI",,,
"ARGEȘ","SLOBOZIA",,,
"ARGEȘ","STOENEȘTI",,,
"ARGEȘ","STOLNICI",,,
"ARGEȘ","STÂLPENI",,,
"ARGEȘ","SUSENI",,,
"ARGEȘ","SĂLĂTRUCU",,,
"ARGEȘ","SĂPATA",,,
"ARGEȘ","TEIU",,,
"ARGEȘ","TIGVENI",,,
"ARGEȘ","UDA",,,
"ARGEȘ","UNGHENI",,,
"ARGEȘ","VALEA DANULUI",,,
"ARGEȘ","VALEA IAȘULUI",,,
"ARGEȘ","VALEA MARE PRAVĂȚ",,,
"ARGEȘ","VEDEA",,,
"ARGEȘ","VLĂDEȘTI",,,
"ARGEȘ","VULTUREȘTI",,,
"ARGEȘ","ȘTEFAN CEL MARE",,,
"ARGEȘ","ȘUICI",,,
"ARGEȘ","ȚIȚEȘTI",,,
"BACĂU","AGĂȘ",,,
"BACĂU","ARDEOANI",,,
"BACĂU","ASĂU",,,
"BACĂU","BACĂU",,,
"BACĂU","BALCANI",,,
"BACĂU","BEREȘTI-BISTRIȚA",,,
"BACĂU","BEREȘTI-TAZLĂU",,,
"BACĂU","BERZUNȚI",,,
"BACĂU","BLĂGEȘTI",,,
"BACĂU","BOGDĂNEȘTI",,,
"BACĂU","BRUSTUROASA",,,
"BACĂU","BUCIUMI",,,
"BACĂU","BUHOCI",,,
"BACĂU","BÂRSĂNEȘTI",,,
"BACĂU","CAȘIN",,,
"BACĂU","CLEJA",,,
"BACĂU","COLONEȘTI",,,
"BACĂU","CORBASCA",,,
"BACĂU","COȚOFĂNEȘTI",,,
"BACĂU","CĂIUȚI",,,
"BACĂU","DEALU MORII",,,
"BACĂU","DOFTEANA",,,
"BACĂU","DĂMIENEȘTI",,,
"BACĂU","FARAOANI",,,
"BACĂU","FILIPENI",,,
"BACĂU","FILIPEȘTI",,,
"BACĂU","GHIMEȘ-FĂGET",,,
"BACĂU","GIOSENI",,,
"BACĂU","GLĂVĂNEȘTI",,,
"BACĂU","GURA VĂII",,,
"BACĂU","GÂRLENI",,,
"BACĂU","GĂICEANA",,,
"BACĂU","HELEGIU",,,
"BACĂU","HEMEIUȘ",,,
"BACĂU","HORGEȘTI",,,
"BACĂU","HURUIEȘTI",,,
"BACĂU","ITEȘTI",,,
"BACĂU","IZVORU BERHECIULUI",,,
"BACĂU","LETEA VECHE",,,
"BACĂU","LIPOVA",,,
"BACĂU","LIVEZI",,,
"BACĂU","LUIZI-CĂLUGĂRA",,,
"BACĂU","MOINEȘTI",,,
"BACĂU","MOTOȘENI",,,
"BACĂU","MĂGIREȘTI",,,
"BACĂU","MĂGURA",,,
"BACĂU","MĂNĂSTIREA CAȘIN",,,
"BACĂU","MĂRGINENI",,,
"BACĂU","NEGRI",,,
"BACĂU","NICOLAE BĂLCESCU",,,
"BACĂU","ODOBEȘTI",,,
"BACĂU","OITUZ",,,
"BACĂU","ONCEȘTI",,,
"BACĂU","ONEȘTI",,,
"BACĂU","ORAȘ BUHUȘI",,,
"BACĂU","ORAȘ COMĂNEȘTI",,,
"BACĂU","ORAȘ DĂRMĂNEȘTI",,,
"BACĂU","ORAȘ SLĂNIC-MOLDOVA",,,
"BACĂU","ORAȘ TÂRGU OCNA",,,
"BACĂU","ORBENI",,,
"BACĂU","PALANCA",,,
"BACĂU","PARAVA",,,
"BACĂU","PARINCEA",,,
"BACĂU","PLOPANA",,,
"BACĂU","PODU TURCULUI",,,
"BACĂU","PODURI",,,
"BACĂU","PRĂJEȘTI",,,
"BACĂU","PÂNCEȘTI",,,
"BACĂU","PÂRGĂREȘTI",,,
"BACĂU","PÂRJOL",,,
"BACĂU","RACOVA",,,
"BACĂU","ROȘIORI",,,
"BACĂU","RĂCHITOASA",,,
"BACĂU","RĂCĂCIUNI",,,
"BACĂU","SASCUT",,,
"BACĂU","SCORȚENI",,,
"BACĂU","SECUIENI",,,
"BACĂU","SOLONȚ",,,
"BACĂU","STRUGARI",,,
"BACĂU","STĂNIȘEȘTI",,,
"BACĂU","SĂNDULENI",,,
"BACĂU","SĂRATA",,,
"BACĂU","SĂUCEȘTI",,,
"BACĂU","TAMAȘI",,,
"BACĂU","TRAIAN",,,
"BACĂU","TÂRGU TROTUȘ",,,
"BACĂU","TĂTĂRĂȘTI",,,
"BACĂU","UNGURENI",,,
"BACĂU","URECHEȘTI",,,
"BACĂU","VALEA SEACĂ",,,
"BACĂU","VULTURENI",,,
"BACĂU","ZEMEȘ",,,
"BACĂU","ȘTEFAN CEL MARE",,,
"BIHOR","ABRAM",,,
"BIHOR","AUȘEU",,,
"BIHOR","AVRAM IANCU",,,
"BIHOR","AȘTILEU",,,
"BIHOR","BALC",,,
"BIHOR","BATĂR",,,
"BIHOR","BEIUȘ",,,
"BIHOR","BIHARIA",,,
"BIHOR","BOIANU MARE",,,
"BIHOR","BOROD",,,
"BIHOR","BORȘ",,,
"BIHOR","BRATCA",,,
"BIHOR","BRUSTURI",,,
"BIHOR","BUDUREASA",,,
"BIHOR","BUDUSLĂU",,,
"BIHOR","BULZ",,,
"BIHOR","BUNTEȘTI",,,
"BIHOR","CEFA",,,
"BIHOR","CEICA",,,
"BIHOR","CETARIU",,,
"BIHOR","CHERECHIU",,,
"BIHOR","CHIȘLAZ",,,
"BIHOR","CIUMEGHIU",,,
"BIHOR","COCIUBA MARE",,,
"BIHOR","COPĂCEL",,,
"BIHOR","CRIȘTIORU DE JOS",,,
"BIHOR","CURTUIȘENI",,,
"BIHOR","CURĂȚELE",,,
"BIHOR","CÂMPANI",,,
"BIHOR","CĂBEȘTI",,,
"BIHOR","CĂPÂLNA",,,
"BIHOR","CĂRPINET",,,
"BIHOR","DERNA",,,
"BIHOR","DIOSIG",,,
"BIHOR","DOBREȘTI",,,
"BIHOR","DRĂGEȘTI",,,
"BIHOR","DRĂGĂNEȘTI",,,
"BIHOR","FINIȘ",,,
"BIHOR","GEPIU",,,
"BIHOR","GIRIȘU DE CRIȘ",,,
"BIHOR","HIDIȘELU DE SUS",,,
"BIHOR","HOLOD",,,
"BIHOR","HUSASĂU DE TINCA",,,
"BIHOR","INEU",,,
"BIHOR","LAZURI DE BEIUȘ",,,
"BIHOR","LUGAȘU DE JOS",,,
"BIHOR","LUNCA",,,
"BIHOR","LĂZĂRENI",,,
"BIHOR","MARGHITA",,,
"BIHOR","MĂDĂRAS",,,
"BIHOR","MĂGEȘTI",,,
"BIHOR","NOJORID",,,
"BIHOR","OLCEA",,,
"BIHOR","ORADEA",,,
"BIHOR","ORAȘ ALEȘD",,,
"BIHOR","ORAȘ NUCET",,,
"BIHOR","ORAȘ SĂCUENI",,,
"BIHOR","ORAȘ VALEA LUI MIHAI",,,
"BIHOR","ORAȘ VAȘCĂU",,,
"BIHOR","ORAȘ ȘTEI",,,
"BIHOR","OȘORHEI",,,
"BIHOR","PALEU",,,
"BIHOR","PETREU",,,
"BIHOR","PIETROASA",,,
"BIHOR","POCOLA",,,
"BIHOR","POMEZEU",,,
"BIHOR","POPEȘTI",,,
"BIHOR","REMETEA",,,
"BIHOR","RIENI",,,
"BIHOR","ROȘIA",,,
"BIHOR","ROȘIORI",,,
"BIHOR","RĂBĂGANI",,,
"BIHOR","SALONTA",,,
"BIHOR","SPINUȘ",,,
"BIHOR","SUPLACU DE BARCĂU",,,
"BIHOR","SÂMBĂTA",,,
"BIHOR","SÂNIOB",,,
"BIHOR","SÂNMARTIN",,,
"BIHOR","SÂNNICOLAU ROMÂN",,,
"BIHOR","SÂNTANDREI",,,
"BIHOR","SÂRBI",,,
"BIHOR","SĂCĂDAT",,,
"BIHOR","SĂLACEA",,,
"BIHOR","SĂLARD",,,
"BIHOR","TARCEA",,,
"BIHOR","TILEAGD",,,
"BIHOR","TINCA",,,
"BIHOR","TOBOLIU",,,
"BIHOR","TULCA",,,
"BIHOR","TĂMĂȘEU",,,
"BIHOR","TĂRCAIA",,,
"BIHOR","TĂUTEU",,,
"BIHOR","UILEACU DE BEIUȘ",,,
"BIHOR","VADU CRIȘULUI",,,
"BIHOR","VIIȘOARA",,,
"BIHOR","VÂRCIOROG",,,
"BIHOR","ȘIMIAN",,,
"BIHOR","ȘINTEU",,,
"BIHOR","ȘOIMI",,,
"BIHOR","ȘUNCUIUȘ",,,
"BIHOR","ȚEȚCHEA",,,
"BISTRIȚA-NĂSĂUD","BISTRIȚA",,,
"BISTRIȚA-NĂSĂUD","BISTRIȚA BÂRGĂULUI",,,
"BISTRIȚA-NĂSĂUD","BRANIȘTEA",,,
"BISTRIȚA-NĂSĂUD","BUDACU DE JOS",,,
"BISTRIȚA-NĂSĂUD","BUDEȘTI",,,
"BISTRIȚA-NĂSĂUD","CETATE",,,
"BISTRIȚA-NĂSĂUD","CHIOCHIȘ",,,
"BISTRIȚA-NĂSĂUD","CHIUZA",,,
"BISTRIȚA-NĂSĂUD","CICEU-GIURGEȘTI",,,
"BISTRIȚA-NĂSĂUD","CICEU-MIHĂIEȘTI",,,
"BISTRIȚA-NĂSĂUD","COȘBUC",,,
"BISTRIȚA-NĂSĂUD","CĂIANU MIC",,,
"BISTRIȚA-NĂSĂUD","DUMITRA",,,
"BISTRIȚA-NĂSĂUD","DUMITRIȚA",,,
"BISTRIȚA-NĂSĂUD","FELDRU",,,
"BISTRIȚA-NĂSĂUD","GALAȚII BISTRIȚEI",,,
"BISTRIȚA-NĂSĂUD","ILVA MARE",,,
"BISTRIȚA-NĂSĂUD","ILVA MICA",,,
"BISTRIȚA-NĂSĂUD","JOSENII BÂRGĂULUI",,,
"BISTRIȚA-NĂSĂUD","LECHINȚA",,,
"BISTRIȚA-NĂSĂUD","LEȘU",,,
"BISTRIȚA-NĂSĂUD","LIVEZILE",,,
"BISTRIȚA-NĂSĂUD","LUNCA ILVEI",,,
"BISTRIȚA-NĂSĂUD","MAIERU",,,
"BISTRIȚA-NĂSĂUD","MATEI",,,
"BISTRIȚA-NĂSĂUD","MICEȘTII DE CÂMPIE",,,
"BISTRIȚA-NĂSĂUD","MILAȘ",,,
"BISTRIȚA-NĂSĂUD","MONOR",,,
"BISTRIȚA-NĂSĂUD","MĂGURA ILVEI",,,
"BISTRIȚA-NĂSĂUD","MĂRIȘELU",,,
"BISTRIȚA-NĂSĂUD","NEGRILEȘTI",,,
"BISTRIȚA-NĂSĂUD","NIMIGEA",,,
"BISTRIȚA-NĂSĂUD","NUȘENI",,,
"BISTRIȚA-NĂSĂUD","ORAȘ BECLEAN",,,
"BISTRIȚA-NĂSĂUD","ORAȘ NĂSĂUD",,,
"BISTRIȚA-NĂSĂUD","ORAȘ SÂNGEORZ-BĂI",,,
"BISTRIȚA-NĂSĂUD","PARVA",,,
"BISTRIȚA-NĂSĂUD","PETRU RAREȘ",,,
"BISTRIȚA-NĂSĂUD","POIANA ILVEI",,,
"BISTRIȚA-NĂSĂUD","PRUNDU BÂRGĂULUI",,,
"BISTRIȚA-NĂSĂUD","REBRA",,,
"BISTRIȚA-NĂSĂUD","REBRIȘOARA",,,
"BISTRIȚA-NĂSĂUD","RODNA",,,
"BISTRIȚA-NĂSĂUD","ROMULI",,,
"BISTRIȚA-NĂSĂUD","RUNCU SALVEI",,,
"BISTRIȚA-NĂSĂUD","SALVA",,,
"BISTRIȚA-NĂSĂUD","SILIVAȘU DE CÂMPIE",,,
"BISTRIȚA-NĂSĂUD","SPERMEZEU",,,
"BISTRIȚA-NĂSĂUD","SÂNMIHAIU DE CÂMPIE",,,
"BISTRIȚA-NĂSĂUD","TEACA",,,
"BISTRIȚA-NĂSĂUD","TELCIU",,,
"BISTRIȚA-NĂSĂUD","TIHA BÂRGĂULUI",,,
"BISTRIȚA-NĂSĂUD","TÂRLIȘUA",,,
"BISTRIȚA-NĂSĂUD","URIU",,,
"BISTRIȚA-NĂSĂUD","URMENIȘ",,,
"BISTRIȚA-NĂSĂUD","ZAGRA",,,
"BISTRIȚA-NĂSĂUD","ȘANȚ",,,
"BISTRIȚA-NĂSĂUD","ȘIEU",,,
"BISTRIȚA-NĂSĂUD","ȘIEU-MĂGHERUȘ",,,
"BISTRIȚA-NĂSĂUD","ȘIEU-ODORHEI",,,
"BISTRIȚA-NĂSĂUD","ȘIEUȚ",,,
"BISTRIȚA-NĂSĂUD","ȘINTEREAG",,,
"BOTOȘANI","ADĂȘENI",,,
"BOTOȘANI","ALBEȘTI",,,
"BOTOȘANI","AVRĂMENI",,,
"BOTOȘANI","BLÂNDEȘTI",,,
"BOTOȘANI","BOTOȘANI",,,
"BOTOȘANI","BROSCĂUȚI",,,
"BOTOȘANI","BRĂEȘTI",,,
"BOTOȘANI","BĂLUȘENI",,,
"BOTOȘANI","CONCEȘTI",,,
"BOTOȘANI","COPĂLĂU",,,
"BOTOȘANI","CORDĂRENI",,,
"BOTOȘANI","CORLĂTENI",,,
"BOTOȘANI","CORNI",,,
"BOTOȘANI","COȘULA",,,
"BOTOȘANI","COȚUȘCA",,,
"BOTOȘANI","CRISTEȘTI",,,
"BOTOȘANI","CRISTINEȘTI",,,
"BOTOȘANI","CURTEȘTI",,,
"BOTOȘANI","CÂNDEȘTI",,,
"BOTOȘANI","CĂLĂRAȘI",,,
"BOTOȘANI","DERSCA",,,
"BOTOȘANI","DIMĂCHENI",,,
"BOTOȘANI","DOBÂRCENI",,,
"BOTOȘANI","DOROHOI",,,
"BOTOȘANI","DRĂGUȘENI",,,
"BOTOȘANI","DURNEȘTI",,,
"BOTOȘANI","DÂNGENI",,,
"BOTOȘANI","FRUMUȘICA",,,
"BOTOȘANI","GEORGE ENESCU",,,
"BOTOȘANI","GORBĂNEȘTI",,,
"BOTOȘANI","HAVÂRNA",,,
"BOTOȘANI","HILIȘEU-HORIA",,,
"BOTOȘANI","HLIPICENI",,,
"BOTOȘANI","HUDEȘTI",,,
"BOTOȘANI","HĂNEȘTI",,,
"BOTOȘANI","IBĂNEȘTI",,,
"BOTOȘANI","LEORDA",,,
"BOTOȘANI","LOZNA",,,
"BOTOȘANI","LUNCA",,,
"BOTOȘANI","MANOLEASA",,,
"BOTOȘANI","MIHAI EMINESCU",,,
"BOTOȘANI","MIHĂILENI",,,
"BOTOȘANI","MIHĂLĂȘENI",,,
"BOTOȘANI","MILEANCA",,,
"BOTOȘANI","MITOC",,,
"BOTOȘANI","NICȘENI",,,
"BOTOȘANI","ORAȘ BUCECEA",,,
"BOTOȘANI","ORAȘ DARABANI",,,
"BOTOȘANI","ORAȘ FLĂMÂNZI",,,
"BOTOȘANI","ORAȘ SĂVENI",,,
"BOTOȘANI","ORAȘ ȘTEFĂNEȘTI",,,
"BOTOȘANI","POMÂRLA",,,
"BOTOȘANI","PRĂJENI",,,
"BOTOȘANI","PĂLTINIȘ",,,
"BOTOȘANI","RIPICENI",,,
"BOTOȘANI","ROMA",,,
"BOTOȘANI","ROMÂNEȘTI",,,
"BOTOȘANI","RĂCHIȚI",,,
"BOTOȘANI","RĂDĂUȚI-PRUT",,,
"BOTOȘANI","RĂUȘENI",,,
"BOTOȘANI","SANTA MARE",,,
"BOTOȘANI","STĂUCENI",,,
"BOTOȘANI","SUHARĂU",,,
"BOTOȘANI","SULIȚA",,,
"BOTOȘANI","TODIRENI",,,
"BOTOȘANI","TRUȘEȘTI",,,
"BOTOȘANI","TUDORA",,,
"BOTOȘANI","UNGURENI",,,
"BOTOȘANI","UNȚENI",,,
"BOTOȘANI","VIIȘOARA",,,
"BOTOȘANI","VLĂDENI",,,
"BOTOȘANI","VLĂSINEȘTI",,,
"BOTOȘANI","VORNICENI",,,
"BOTOȘANI","VORONA",,,
"BOTOȘANI","VÂRFU CÂMPULUI",,,
"BOTOȘANI","VĂCULEȘTI",,,
"BOTOȘANI","ȘENDRICENI",,,
"BOTOȘANI","ȘTIUBIENI",,,
"BRAȘOV","APAȚA",,,
"BRAȘOV","AUGUSTIN",,,
"BRAȘOV","BECLEAN",,,
"BRAȘOV","BOD",,,
"BRAȘOV","BRAN",,,
"BRAȘOV","BRAȘOV",,,
"BRAȘOV","BUDILA",,,
"BRAȘOV","BUNEȘTI",,,
"BRAȘOV","CAȚA",,,
"BRAȘOV","CINCU",,,
"BRAȘOV","CODLEA",,,
"BRAȘOV","COMANA",,,
"BRAȘOV","CRISTIAN",,,
"BRAȘOV","CRIZBAV",,,
"BRAȘOV","DRĂGUȘ",,,
"BRAȘOV","DUMBRĂVIȚA",,,
"BRAȘOV","FELDIOARA",,,
"BRAȘOV","FUNDATA",,,
"BRAȘOV","FĂGĂRAȘ",,,
"BRAȘOV","HOGHIZ",,,
"BRAȘOV","HOLBAV",,,
"BRAȘOV","HOMOROD",,,
"BRAȘOV","HÂRSENI",,,
"BRAȘOV","HĂLCHIU",,,
"BRAȘOV","HĂRMAN",,,
"BRAȘOV","JIBERT",,,
"BRAȘOV","LISA",,,
"BRAȘOV","MOIECIU",,,
"BRAȘOV","MÂNDRA",,,
"BRAȘOV","MĂIERUȘ",,,
"BRAȘOV","ORAȘ GHIMBAV",,,
"BRAȘOV","ORAȘ PREDEAL",,,
"BRAȘOV","ORAȘ RUPEA",,,
"BRAȘOV","ORAȘ RÂȘNOV",,,
"BRAȘOV","ORAȘ VICTORIA",,,
"BRAȘOV","ORAȘ ZĂRNEȘTI",,,
"BRAȘOV","ORMENIȘ",,,
"BRAȘOV","POIANA MĂRULUI",,,
"BRAȘOV","PREJMER",,,
"BRAȘOV","PĂRĂU",,,
"BRAȘOV","RACOȘ",,,
"BRAȘOV","RECEA",,,
"BRAȘOV","SÂMBĂTA DE SUS",,,
"BRAȘOV","SÂNPETRU",,,
"BRAȘOV","SĂCELE",,,
"BRAȘOV","TELIU",,,
"BRAȘOV","TICUȘU",,,
"BRAȘOV","TĂRLUNGENI",,,
"BRAȘOV","UCEA",,,
"BRAȘOV","UNGRA",,,
"BRAȘOV","VAMA BUZĂULUI",,,
"BRAȘOV","VIȘTEA",,,
"BRAȘOV","VOILA",,,
"BRAȘOV","VULCAN",,,
"BRAȘOV","ȘERCAIA",,,
"BRAȘOV","ȘINCA",,,
"BRAȘOV","ȘINCA NOUĂ",,,
"BRAȘOV","ȘOARȘ",,,
"BRĂILA","BERTEȘTII DE JOS",,,
"BRĂILA","BORDEI VERDE",,,
"BRĂILA","BRĂILA",,,
"BRĂILA","BĂRĂGANUL",,,
"BRĂILA","CAZASU",,,
"BRĂILA","CHISCANI",,,
"BRĂILA","CIOCILE",,,
"BRĂILA","CIREȘU",,,
"BRĂILA","DUDEȘTI",,,
"BRĂILA","FRECĂȚEI",,,
"BRĂILA","GALBENU",,,
"BRĂILA","GEMENELE",,,
"BRĂILA","GRADIȘTEA",,,
"BRĂILA","GROPENI",,,
"BRĂILA","JIRLĂU",,,
"BRĂILA","MIRCEA VODĂ",,,
"BRĂILA","MOVILA MIRESII",,,
"BRĂILA","MĂRAȘU",,,
"BRĂILA","MĂXINENI",,,
"BRĂILA","ORAȘ FĂUREI",,,
"BRĂILA","ORAȘ IANCA",,,
"BRĂILA","ORAȘ ÎNSURĂȚEI",,,
"BRĂILA","RACOVIȚĂ",,,
"BRĂILA","ROMANU",,,
"BRĂILA","ROȘIORI",,,
"BRĂILA","RÂMNICELU",,,
"BRĂILA","SALCIA TUDOR",,,
"BRĂILA","SCORȚARU NOU",,,
"BRĂILA","SILIȘTEA",,,
"BRĂILA","STĂNCUȚA",,,
"BRĂILA","SURDILA-GRECI",,,
"BRĂILA","SURDILA-GĂISEANCA",,,
"BRĂILA","TICHILEȘTI",,,
"BRĂILA","TRAIAN",,,
"BRĂILA","TUDOR VLADIMIRESCU",,,
"BRĂILA","TUFEȘTI",,,
"BRĂILA","ULMU",,,
"BRĂILA","UNIREA",,,
"BRĂILA","VICTORIA",,,
"BRĂILA","VIZIRU",,,
"BRĂILA","VIȘANI",,,
"BRĂILA","VĂDENI",,,
"BRĂILA","ZĂVOAIA",,,
"BRĂILA","ȘUȚEȘTI",,,
"BUCUREȘTI","BUCUREȘTI",,,
"BUZĂU","AMARU",,,
"BUZĂU","BALTA ALBĂ",,,
"BUZĂU","BECENI",,,
"BUZĂU","BERCA",,,
"BUZĂU","BISOCA",,,
"BUZĂU","BLĂJANI",,,
"BUZĂU","BOLDU",,,
"BUZĂU","BOZIORU",,,
"BUZĂU","BREAZA",,,
"BUZĂU","BRĂDEANU",,,
"BUZĂU","BRĂEȘTI",,,
"BUZĂU","BUDA",,,
"BUZĂU","BUZĂU",,,
"BUZĂU","BĂLĂCEANU",,,
"BUZĂU","C.A. ROSETTI",,,
"BUZĂU","CALVINI",,,
"BUZĂU","CERNĂTEȘTI",,,
"BUZĂU","CHILIILE",,,
"BUZĂU","CHIOJDU",,,
"BUZĂU","CILIBIA",,,
"BUZĂU","CISLĂU",,,
"BUZĂU","COCHIRLEANCA",,,
"BUZĂU","COLȚI",,,
"BUZĂU","COSTEȘTI",,,
"BUZĂU","COZIENI",,,
"BUZĂU","CĂNEȘTI",,,
"BUZĂU","CĂTINA",,,
"BUZĂU","FLORICA",,,
"BUZĂU","GHERGHEASA",,,
"BUZĂU","GHERĂSENI",,,
"BUZĂU","GLODEANU SĂRAT",,,
"BUZĂU","GLODEANU-SILIȘTEA",,,
"BUZĂU","GREBĂNU",,,
"BUZĂU","GURA TEGHII",,,
"BUZĂU","GĂLBINAȘI",,,
"BUZĂU","LARGU",,,
"BUZĂU","LOPĂTARI",,,
"BUZĂU","LUCIU",,,
"BUZĂU","MEREI",,,
"BUZĂU","MIHĂILEȘTI",,,
"BUZĂU","MOVILA BANULUI",,,
"BUZĂU","MURGEȘTI",,,
"BUZĂU","MÂNZĂLEȘTI",,,
"BUZĂU","MĂGURA",,,
"BUZĂU","MĂRGĂRITEȘTI",,,
"BUZĂU","MĂRĂCINENI",,,
"BUZĂU","NĂENI",,,
"BUZĂU","ODĂILE",,,
"BUZĂU","ORAȘ NEHOIU",,,
"BUZĂU","ORAȘ POGOANELE",,,
"BUZĂU","ORAȘ PĂTÂRLAGELE",,,
"BUZĂU","PADINA",,,
"BUZĂU","PARDOȘI",,,
"BUZĂU","PIETROASELE",,,
"BUZĂU","PODGORIA",,,
"BUZĂU","POȘTA CÂLNĂU",,,
"BUZĂU","PUIEȘTI",,,
"BUZĂU","PÂRSCOV",,,
"BUZĂU","PĂNĂTĂU",,,
"BUZĂU","RACOVIȚENI",,,
"BUZĂU","ROBEASCA",,,
"BUZĂU","RUȘEȚU",,,
"BUZĂU","RÂMNICELU",,,
"BUZĂU","RÂMNICU SĂRAT",,,
"BUZĂU","SCORȚOASA",,,
"BUZĂU","SCUTELNICI",,,
"BUZĂU","SIRIU",,,
"BUZĂU","SMEENI",,,
"BUZĂU","STÂLPU",,,
"BUZĂU","SĂGEATA",,,
"BUZĂU","SĂHĂTENI",,,
"BUZĂU","SĂPOCA",,,
"BUZĂU","SĂRULEȘTI",,,
"BUZĂU","TISĂU",,,
"BUZĂU","TOPLICENI",,,
"BUZĂU","ULMENI",,,
"BUZĂU","UNGURIU",,,
"BUZĂU","VADU PAȘII",,,
"BUZĂU","VALEA RÂMNICULUI",,,
"BUZĂU","VALEA SALCIEI",,,
"BUZĂU","VERNEȘTI",,,
"BUZĂU","VINTILĂ VODĂ",,,
"BUZĂU","VIPEREȘTI",,,
"BUZĂU","VÂLCELELE",,,
"BUZĂU","ZIDURI",,,
"BUZĂU","ZĂRNEȘTI",,,
"BUZĂU","ȚINTEȘTI",,,
"CARAȘ-SEVERIN","ARMENIȘ",,,
"CARAȘ-SEVERIN","BERLIȘTE",,,
"CARAȘ-SEVERIN","BERZASCA",,,
"CARAȘ-SEVERIN","BERZOVIA",,,
"CARAȘ-SEVERIN","BOLVAȘNIȚA",,,
"CARAȘ-SEVERIN","BOZOVICI",,,
"CARAȘ-SEVERIN","BREBU",,,
"CARAȘ-SEVERIN","BREBU NOU",,,
"CARAȘ-SEVERIN","BUCHIN",,,
"CARAȘ-SEVERIN","BUCOȘNIȚA",,,
"CARAȘ-SEVERIN","BĂNIA",,,
"CARAȘ-SEVERIN","BĂUȚAR",,,
"CARAȘ-SEVERIN","CARANSEBEȘ",,,
"CARAȘ-SEVERIN","CARAȘOVA",,,
"CARAȘ-SEVERIN","CICLOVA ROMÂNĂ",,,
"CARAȘ-SEVERIN","CIUCHICI",,,
"CARAȘ-SEVERIN","CIUDANOVIȚA",,,
"CARAȘ-SEVERIN","CONSTANTIN DAICOVICIU",,,
"CARAȘ-SEVERIN","COPĂCELE",,,
"CARAȘ-SEVERIN","CORNEA",,,
"CARAȘ-SEVERIN","CORNEREVA",,,
"CARAȘ-SEVERIN","CORONINI",,,
"CARAȘ-SEVERIN","CĂRBUNARI",,,
"CARAȘ-SEVERIN","DALBOȘEȚ",,,
"CARAȘ-SEVERIN","DOCLIN",,,
"CARAȘ-SEVERIN","DOGNECEA",,,
"CARAȘ-SEVERIN","DOMAȘNEA",,,
"CARAȘ-SEVERIN","EFTIMIE MURGU",,,
"CARAȘ-SEVERIN","EZERIȘ",,,
"CARAȘ-SEVERIN","FOROTIC",,,
"CARAȘ-SEVERIN","FÂRLIUG",,,
"CARAȘ-SEVERIN","GLIMBOCA",,,
"CARAȘ-SEVERIN","GORUIA",,,
"CARAȘ-SEVERIN","GRĂDINARI",,,
"CARAȘ-SEVERIN","GÂRNIC",,,
"CARAȘ-SEVERIN","IABLANIȚA",,,
"CARAȘ-SEVERIN","LUNCAVIȚA",,,
"CARAȘ-SEVERIN","LUPAC",,,
"CARAȘ-SEVERIN","LĂPUȘNICEL",,,
"CARAȘ-SEVERIN","LĂPUȘNICU MARE",,,
"CARAȘ-SEVERIN","MARGA",,,
"CARAȘ-SEVERIN","MEHADIA",,,
"CARAȘ-SEVERIN","MEHADICA",,,
"CARAȘ-SEVERIN","MĂURENI",,,
"CARAȘ-SEVERIN","NAIDĂȘ",,,
"CARAȘ-SEVERIN","OBREJA",,,
"CARAȘ-SEVERIN","OCNA DE FIER",,,
"CARAȘ-SEVERIN","ORAȘ ANINA",,,
"CARAȘ-SEVERIN","ORAȘ BOCȘA",,,
"CARAȘ-SEVERIN","ORAȘ BĂILE HERCULANE",,,
"CARAȘ-SEVERIN","ORAȘ MOLDOVA NOUĂ",,,
"CARAȘ-SEVERIN","ORAȘ ORAVIȚA",,,
"CARAȘ-SEVERIN","ORAȘ OȚELU ROȘU",,,
"CARAȘ-SEVERIN","POJEJENA",,,
"CARAȘ-SEVERIN","PRIGOR",,,
"CARAȘ-SEVERIN","PĂLTINIȘ",,,
"CARAȘ-SEVERIN","RAMNA",,,
"CARAȘ-SEVERIN","REȘIȚA",,,
"CARAȘ-SEVERIN","RUSCA MONTANĂ",,,
"CARAȘ-SEVERIN","RĂCĂȘDIA",,,
"CARAȘ-SEVERIN","SACU",,,
"CARAȘ-SEVERIN","SASCA MONTANĂ",,,
"CARAȘ-SEVERIN","SICHEVIȚA",,,
"CARAȘ-SEVERIN","SLATINA-TIMIȘ",,,
"CARAȘ-SEVERIN","SOCOL",,,
"CARAȘ-SEVERIN","TEREGOVA",,,
"CARAȘ-SEVERIN","TICVANIU MARE",,,
"CARAȘ-SEVERIN","TOPLEȚ",,,
"CARAȘ-SEVERIN","TURNU RUIENI",,,
"CARAȘ-SEVERIN","TÂRNOVA",,,
"CARAȘ-SEVERIN","VERMEȘ",,,
"CARAȘ-SEVERIN","VRANI",,,
"CARAȘ-SEVERIN","VĂLIUG",,,
"CARAȘ-SEVERIN","VĂRĂDIA",,,
"CARAȘ-SEVERIN","ZORLENȚU MARE",,,
"CARAȘ-SEVERIN","ZĂVOI",,,
"CARAȘ-SEVERIN","ȘOPOTU NOU",,,
"CLUJ","AGHIREȘU",,,
"CLUJ","AITON",,,
"CLUJ","ALUNIȘ",,,
"CLUJ","APAHIDA",,,
"CLUJ","AȘCHILEU",,,
"CLUJ","BACIU",,,
"CLUJ","BELIȘ",,,
"CLUJ","BOBÂLNA",,,
"CLUJ","BONȚIDA",,,
"CLUJ","BORȘA",,,
"CLUJ","BUZA",,,
"CLUJ","BĂIȘOARA",,,
"CLUJ","CEANU MARE",,,
"CLUJ","CHINTENI",,,
"CLUJ","CHIUIEȘTI",,,
"CLUJ","CIUCEA",,,
"CLUJ","CIURILA",,,
"CLUJ","CLUJ-NAPOCA",,,
"CLUJ","COJOCNA",,,
"CLUJ","CORNEȘTI",,,
"CLUJ","CUZDRIOARA",,,
"CLUJ","CÂMPIA TURZII",,,
"CLUJ","CÂȚCĂU",,,
"CLUJ","CĂIANU",,,
"CLUJ","CĂLĂRAȘI",,,
"CLUJ","CĂLĂȚELE",,,
"CLUJ","CĂMĂRAȘU",,,
"CLUJ","CĂPUȘU MARE",,,
"CLUJ","CĂTINA",,,
"CLUJ","CĂȘEIU",,,
"CLUJ","DEJ",,,
"CLUJ","DĂBÂCA",,,
"CLUJ","FELEACU",,,
"CLUJ","FIZEȘU GHERLII",,,
"CLUJ","FLOREȘTI",,,
"CLUJ","FRATA",,,
"CLUJ","GEACA",,,
"CLUJ","GHERLA",,,
"CLUJ","GILĂU",,,
"CLUJ","GÂRBĂU",,,
"CLUJ","IARA",,,
"CLUJ","ICLOD",,,
"CLUJ","IZVORU CRIȘULUI",,,
"CLUJ","JICHIȘU DE JOS",,,
"CLUJ","JUCU",,,
"CLUJ","LUNA",,,
"CLUJ","MICA",,,
"CLUJ","MIHAI VITEAZU",,,
"CLUJ","MINTIU GHERLII",,,
"CLUJ","MOCIU",,,
"CLUJ","MOLDOVENEȘTI",,,
"CLUJ","MĂGURI-RĂCĂTĂU",,,
"CLUJ","MĂNĂSTIRENI",,,
"CLUJ","MĂRGĂU",,,
"CLUJ","MĂRIȘEL",,,
"CLUJ","NEGRENI",,,
"CLUJ","ORAȘ HUEDIN",,,
"CLUJ","PANTICEU",,,
"CLUJ","PETREȘTII DE JOS",,,
"CLUJ","PLOSCOȘ",,,
"CLUJ","POIENI",,,
"CLUJ","PĂLATCA",,,
"CLUJ","RECEA-CRISTUR",,,
"CLUJ","RIȘCA",,,
"CLUJ","SIC",,,
"CLUJ","SUATU",,,
"CLUJ","SÂNCRAIU",,,
"CLUJ","SÂNMĂRTIN",,,
"CLUJ","SÂNPAUL",,,
"CLUJ","SĂCUIEU",,,
"CLUJ","SĂNDULEȘTI",,,
"CLUJ","SĂVĂDISLA",,,
"CLUJ","TRITENII DE JOS",,,
"CLUJ","TURDA",,,
"CLUJ","TURENI",,,
"CLUJ","UNGURAȘ",,,
"CLUJ","VAD",,,
"CLUJ","VALEA IERII",,,
"CLUJ","VIIȘOARA",,,
"CLUJ","VULTURENI",,,
"CLUJ","ȚAGA",,,
"CONSTANȚA","23 AUGUST",,,
"CONSTANȚA","ADAMCLISI",,,
"CONSTANȚA","AGIGEA",,,
"CONSTANȚA","ALBEȘTI",,,
"CONSTANȚA","ALIMAN",,,
"CONSTANȚA","AMZACEA",,,
"CONSTANȚA","BĂNEASA",,,
"CONSTANȚA","BĂRĂGANU",,,
"CONSTANȚA","CASTELU",,,
"CONSTANȚA","CERCHEZU",,,
"CONSTANȚA","CHIRNOGENI",,,
"CONSTANȚA","CIOBANU",,,
"CONSTANȚA","CIOCÂRLIA",,,
"CONSTANȚA","COBADIN",,,
"CONSTANȚA","COGEALAC",,,
"CONSTANȚA","COMANA",,,
"CONSTANȚA","CONSTANȚA",,,
"CONSTANȚA","CORBU",,,
"CONSTANȚA","COSTINEȘTI",,,
"CONSTANȚA","CRUCEA",,,
"CONSTANȚA","CUMPĂNA",,,
"CONSTANȚA","CUZA VODĂ",,,
"CONSTANȚA","DELENI",,,
"CONSTANȚA","DOBROMIR",,,
"CONSTANȚA","DUMBRĂVENI",,,
"CONSTANȚA","FÂNTÂNELE",,,
"CONSTANȚA","GHINDĂREȘTI",,,
"CONSTANȚA","GRĂDINA",,,
"CONSTANȚA","GÂRLICIU",,,
"CONSTANȚA","HORIA",,,
"CONSTANȚA","INDEPENDENȚA",,,
"CONSTANȚA","ION CORVIN",,,
"CONSTANȚA","ISTRIA",,,
"CONSTANȚA","LIMANU",,,
"CONSTANȚA","LIPNIȚA",,,
"CONSTANȚA","LUMINA",,,
"CONSTANȚA","MANGALIA",,,
"CONSTANȚA","MEDGIDIA",,,
"CONSTANȚA","MERENI",,,
"CONSTANȚA","MIHAI VITEAZU",,,
"CONSTANȚA","MIHAIL KOGĂLNICEANU",,,
"CONSTANȚA","MIRCEA VODĂ",,,
"CONSTANȚA","NICOLAE BĂLCESCU",,,
"CONSTANȚA","OLTINA",,,
"CONSTANȚA","ORAȘ CERNAVODĂ",,,
"CONSTANȚA","ORAȘ EFORIE",,,
"CONSTANȚA","ORAȘ HÂRȘOVA",,,
"CONSTANȚA","ORAȘ MURFATLAR",,,
"CONSTANȚA","ORAȘ NEGRU VODĂ",,,
"CONSTANȚA","ORAȘ NĂVODARI",,,
"CONSTANȚA","ORAȘ OVIDIU",,,
"CONSTANȚA","ORAȘ TECHIRGHIOL",,,
"CONSTANȚA","OSTROV",,,
"CONSTANȚA","PANTELIMON",,,
"CONSTANȚA","PECINEAGA",,,
"CONSTANȚA","PEȘTERA",,,
"CONSTANȚA","POARTA ALBĂ",,,
"CONSTANȚA","RASOVA",,,
"CONSTANȚA","SALIGNY",,,
"CONSTANȚA","SARAIU",,,
"CONSTANȚA","SEIMENI",,,
"CONSTANȚA","SILIȘTEA",,,
"CONSTANȚA","SĂCELE",,,
"CONSTANȚA","TOPALU",,,
"CONSTANȚA","TOPRAISAR",,,
"CONSTANȚA","TORTOMAN",,,
"CONSTANȚA","TUZLA",,,
"CONSTANȚA","TÂRGUȘOR",,,
"CONSTANȚA","VALU LUI TRAIAN",,,
"CONSTANȚA","VULTURU",,,
"COVASNA","AITA MARE",,,
"COVASNA","ARCUȘ",,,
"COVASNA","BARCANI",,,
"COVASNA","BELIN",,,
"COVASNA","BIXAD",,,
"COVASNA","BODOC",,,
"COVASNA","BOROȘNEU MARE",,,
"COVASNA","BRATEȘ",,,
"COVASNA","BREȚCU",,,
"COVASNA","BRĂDUȚ",,,
"COVASNA","BĂȚANI",,,
"COVASNA","CATALINA",,,
"COVASNA","CERNAT",,,
"COVASNA","CHICHIȘ",,,
"COVASNA","COMANDĂU",,,
"COVASNA","DALNIC",,,
"COVASNA","DOBÂRLĂU",,,
"COVASNA","ESTELNIC",,,
"COVASNA","GHELINȚA",,,
"COVASNA","GHIDFALĂU",,,
"COVASNA","HĂGHIG",,,
"COVASNA","ILIENI",,,
"COVASNA","LEMNIA",,,
"COVASNA","MALNAȘ",,,
"COVASNA","MERENI",,,
"COVASNA","MICFALĂU",,,
"COVASNA","MOACȘA",,,
"COVASNA","OJDULA",,,
"COVASNA","ORAȘ BARAOLT",,,
"COVASNA","ORAȘ COVASNA",,,
"COVASNA","ORAȘ ÎNTORSURA BUZĂULUI",,,
"COVASNA","OZUN",,,
"COVASNA","POIAN",,,
"COVASNA","RECI",,,
"COVASNA","SFÂNTU GHEORGHE",,,
"COVASNA","SITA BUZĂULUI",,,
"COVASNA","SÂNZIENI",,,
"COVASNA","TURIA",,,
"COVASNA","TÂRGU SECUIESC",,,
"COVASNA","VALEA CRIȘULUI",,,
"COVASNA","VALEA MARE",,,
"COVASNA","VÂLCELE",,,
"COVASNA","VÂRGHIȘ",,,
"COVASNA","ZAGON",,,
"COVASNA","ZĂBALA",,,
"CĂLĂRAȘI","ALEXANDRU ODOBESCU",,,
"CĂLĂRAȘI","BELCIUGATELE",,,
"CĂLĂRAȘI","BORCEA",,,
"CĂLĂRAȘI","CHIRNOGI",,,
"CĂLĂRAȘI","CHISELET",,,
"CĂLĂRAȘI","CIOCĂNEȘTI",,,
"CĂLĂRAȘI","CRIVĂȚ",,,
"CĂLĂRAȘI","CURCANI",,,
"CĂLĂRAȘI","CUZA VODA",,,
"CĂLĂRAȘI","CĂLĂRAȘI",,,
"CĂLĂRAȘI","CĂSCIOARELE",,,
"CĂLĂRAȘI","DICHISENI",,,
"CĂLĂRAȘI","DOR MĂRUNT",,,
"CĂLĂRAȘI","DOROBANȚU",,,
"CĂLĂRAȘI","DRAGALINA",,,
"CĂLĂRAȘI","DRAGOȘ VODĂ",,,
"CĂLĂRAȘI","FRUMUȘANI",,,
"CĂLĂRAȘI","FRĂSINET",,,
"CĂLĂRAȘI","FUNDENI",,,
"CĂLĂRAȘI","GRĂDIȘTEA",,,
"CĂLĂRAȘI","GURBĂNEȘTI",,,
"CĂLĂRAȘI","GĂLBINAȘI",,,
"CĂLĂRAȘI","ILEANA",,,
"CĂLĂRAȘI","INDEPENDENȚA",,,
"CĂLĂRAȘI","JEGĂLIA",,,
"CĂLĂRAȘI","LEHLIU",,,
"CĂLĂRAȘI","LUICA",,,
"CĂLĂRAȘI","LUPȘANU",,,
"CĂLĂRAȘI","MITRENI",,,
"CĂLĂRAȘI","MODELU",,,
"CĂLĂRAȘI","MÂNĂSTIREA",,,
"CĂLĂRAȘI","NANA",,,
"CĂLĂRAȘI","NICOLAE BĂLCESCU",,,
"CĂLĂRAȘI","OLTENIȚA",,,
"CĂLĂRAȘI","ORAȘ BUDEȘTI",,,
"CĂLĂRAȘI","ORAȘ FUNDULEA",,,
"CĂLĂRAȘI","ORAȘ LEHLIU- GARĂ",,,
"CĂLĂRAȘI","PERIȘORU",,,
"CĂLĂRAȘI","PLĂTĂREȘTI",,,
"CĂLĂRAȘI","RADOVANU",,,
"CĂLĂRAȘI","ROSEȚI",,,
"CĂLĂRAȘI","SOHATU",,,
"CĂLĂRAȘI","SPANȚOV",,,
"CĂLĂRAȘI","SĂRULEȘTI",,,
"CĂLĂRAȘI","TĂMĂDĂU MARE",,,
"CĂLĂRAȘI","ULMENI",,,
"CĂLĂRAȘI","ULMU",,,
"CĂLĂRAȘI","UNIREA",,,
"CĂLĂRAȘI","VALEA ARGOVEI",,,
"CĂLĂRAȘI","VASILAȚI",,,
"CĂLĂRAȘI","VLAD ȚEPEȘ",,,
"CĂLĂRAȘI","VÂLCELELE",,,
"CĂLĂRAȘI","ȘOLDANU",,,
"CĂLĂRAȘI","ȘTEFAN CEL MARE",,,
"CĂLĂRAȘI","ȘTEFAN VODĂ",,,
"DOLJ","AFUMAȚI",,,
"DOLJ","ALMĂJ",,,
"DOLJ","AMĂRĂȘTII DE JOS",,,
"DOLJ","AMĂRĂȘTII DE SUS",,,
"DOLJ","APELE VII",,,
"DOLJ","ARGETOAIA",,,
"DOLJ","BISTREȚ",,,
"DOLJ","BOTOȘEȘTI-PAIA",,,
"DOLJ","BRABOVA",,,
"DOLJ","BRALOȘTIȚA",,,
"DOLJ","BRATOVOEȘTI",,,
"DOLJ","BREASTA",,,
"DOLJ","BRĂDEȘTI",,,
"DOLJ","BUCOVĂȚ",,,
"DOLJ","BULZEȘTI",,,
"DOLJ","BÂRCA",,,
"DOLJ","BĂILEȘTI",,,
"DOLJ","CALAFAT",,,
"DOLJ","CALOPĂR",,,
"DOLJ","CARAULA",,,
"DOLJ","CARPEN",,,
"DOLJ","CASTRANOVA",,,
"DOLJ","CATANE",,,
"DOLJ","CELARU",,,
"DOLJ","CERNĂTEȘTI",,,
"DOLJ","CERĂT",,,
"DOLJ","CETATE",,,
"DOLJ","CIOROIAȘI",,,
"DOLJ","CIUPERCENII NOI",,,
"DOLJ","COȘOVENI",,,
"DOLJ","COȚOFENII DIN DOS",,,
"DOLJ","COȚOFENII DIN FAȚĂ",,,
"DOLJ","CRAIOVA",,,
"DOLJ","CÂRCEA",,,
"DOLJ","CÂRNA",,,
"DOLJ","CĂLĂRAȘI",,,
"DOLJ","DANEȚI",,,
"DOLJ","DESA",,,
"DOLJ","DIOȘTI",,,
"DOLJ","DOBREȘTI",,,
"DOLJ","DOBROTEȘTI",,,
"DOLJ","DRĂGOTEȘTI",,,
"DOLJ","DRĂNIC",,,
"DOLJ","FĂRCAȘ",,,
"DOLJ","GALICEA MARE",,,
"DOLJ","GALICIUICA",,,
"DOLJ","GHERCEȘTI",,,
"DOLJ","GHIDICI",,,
"DOLJ","GHINDENI",,,
"DOLJ","GIGHERA",,,
"DOLJ","GIUBEGA",,,
"DOLJ","GIURGIȚA",,,
"DOLJ","GOGOȘU",,,
"DOLJ","GOICEA",,,
"DOLJ","GOIEȘTI",,,
"DOLJ","GRECEȘTI",,,
"DOLJ","GÂNGIOVA",,,
"DOLJ","IZVOARE",,,
"DOLJ","IȘALNIȚA",,,
"DOLJ","LEU",,,
"DOLJ","LIPOVU",,,
"DOLJ","MAGLAVIT",,,
"DOLJ","MALU MARE",,,
"DOLJ","MELINEȘTI",,,
"DOLJ","MISCHII",,,
"DOLJ","MOȚĂȚEI",,,
"DOLJ","MURGAȘI",,,
"DOLJ","MÂRȘANI",,,
"DOLJ","MĂCEȘU DE JOS",,,
"DOLJ","MĂCEȘU DE SUS",,,
"DOLJ","NEGOI",,,
"DOLJ","ORAȘ BECHET",,,
"DOLJ","ORAȘ DĂBULENI",,,
"DOLJ","ORAȘ FILIAȘI",,,
"DOLJ","ORAȘ SEGARCEA",,,
"DOLJ","ORODEL",,,
"DOLJ","OSTROVENI",,,
"DOLJ","PERIȘOR",,,
"DOLJ","PIELEȘTI",,,
"DOLJ","PISCU VECHI",,,
"DOLJ","PLENIȚA",,,
"DOLJ","PLEȘOI",,,
"DOLJ","PODARI",,,
"DOLJ","POIANA MARE",,,
"DOLJ","PREDEȘTI",,,
"DOLJ","RADOVAN",,,
"DOLJ","RAST",,,
"DOLJ","ROBĂNEȘTI",,,
"DOLJ","ROJIȘTE",,,
"DOLJ","SADOVA",,,
"DOLJ","SCĂEȘTI",,,
"DOLJ","SEACA DE CÂMP",,,
"DOLJ","SEACA DE PĂDURE",,,
"DOLJ","SECU",,,
"DOLJ","SILIȘTEA CRUCII",,,
"DOLJ","SOPOT",,,
"DOLJ","SĂLCUȚA",,,
"DOLJ","TEASC",,,
"DOLJ","TERPEZIȚA",,,
"DOLJ","TESLUI",,,
"DOLJ","TĂLPAȘ",,,
"DOLJ","UNIREA",,,
"DOLJ","URZICUȚA",,,
"DOLJ","VALEA STANCIULUI",,,
"DOLJ","VELA",,,
"DOLJ","VERBIȚA",,,
"DOLJ","VÂRTOP",,,
"DOLJ","VÂRVORU DE JOS",,,
"DOLJ","ÎNTORSURA",,,
"DOLJ","ȘIMNICU DE SUS",,,
"DOLJ","ȚUGLUI",,,
"DÂMBOVIȚA","ANINOASA",,,
"DÂMBOVIȚA","BEZDEAD",,,
"DÂMBOVIȚA","BILCIUREȘTI",,,
"DÂMBOVIȚA","BRANIȘTEA",,,
"DÂMBOVIȚA","BREZOAELE",,,
"DÂMBOVIȚA","BRĂNEȘTI",,,
"DÂMBOVIȚA","BUCIUMENI",,,
"DÂMBOVIȚA","BUCȘANI",,,
"DÂMBOVIȚA","BUTIMANU",,,
"DÂMBOVIȚA","BĂLENI",,,
"DÂMBOVIȚA","BĂRBULEȚU",,,
"DÂMBOVIȚA","CIOCĂNEȘTI",,,
"DÂMBOVIȚA","COBIA",,,
"DÂMBOVIȚA","COJASCA",,,
"DÂMBOVIȚA","COMIȘANI",,,
"DÂMBOVIȚA","CONȚEȘTI",,,
"DÂMBOVIȚA","CORBII MARI",,,
"DÂMBOVIȚA","CORNEȘTI",,,
"DÂMBOVIȚA","CORNĂȚELU",,,
"DÂMBOVIȚA","COSTEȘTII DIN VALE",,,
"DÂMBOVIȚA","CREVEDIA",,,
"DÂMBOVIȚA","CRÂNGURILE",,,
"DÂMBOVIȚA","CÂNDEȘTI",,,
"DÂMBOVIȚA","DOBRA",,,
"DÂMBOVIȚA","DOICEȘTI",,,
"DÂMBOVIȚA","DRAGODANA",,,
"DÂMBOVIȚA","DRAGOMIREȘTI",,,
"DÂMBOVIȚA","DĂRMĂNEȘTI",,,
"DÂMBOVIȚA","FINTA",,,
"DÂMBOVIȚA","GLODENI",,,
"DÂMBOVIȚA","GURA FOII",,,
"DÂMBOVIȚA","GURA OCNIȚEI",,,
"DÂMBOVIȚA","GURA ȘUȚII",,,
"DÂMBOVIȚA","HULUBEȘTI",,,
"DÂMBOVIȚA","I. L. CARAGIALE",,,
"DÂMBOVIȚA","IEDERA",,,
"DÂMBOVIȚA","LUCIENI",,,
"DÂMBOVIȚA","LUDEȘTI",,,
"DÂMBOVIȚA","LUNGULEȚU",,,
"DÂMBOVIȚA","MALU CU FLORI",,,
"DÂMBOVIȚA","MOGOȘANI",,,
"DÂMBOVIȚA","MORENI",,,
"DÂMBOVIȚA","MOROENI",,,
"DÂMBOVIȚA","MORTENI",,,
"DÂMBOVIȚA","MOȚĂIENI",,,
"DÂMBOVIȚA","MĂNEȘTI",,,
"DÂMBOVIȚA","MĂTĂSARU",,,
"DÂMBOVIȚA","NICULEȘTI",,,
"DÂMBOVIȚA","NUCET",,,
"DÂMBOVIȚA","OCNIȚA",,,
"DÂMBOVIȚA","ODOBEȘTI",,,
"DÂMBOVIȚA","ORAȘ FIENI",,,
"DÂMBOVIȚA","ORAȘ GĂEȘTI",,,
"DÂMBOVIȚA","ORAȘ PUCIOASA",,,
"DÂMBOVIȚA","ORAȘ RĂCARI",,,
"DÂMBOVIȚA","ORAȘ TITU",,,
"DÂMBOVIȚA","PERȘINARI",,,
"DÂMBOVIȚA","PETREȘTI",,,
"DÂMBOVIȚA","PIETRARI",,,
"DÂMBOVIȚA","PIETROȘIȚA",,,
"DÂMBOVIȚA","POIANA",,,
"DÂMBOVIȚA","POTLOGI",,,
"DÂMBOVIȚA","PRODULEȘTI",,,
"DÂMBOVIȚA","PUCHENI",,,
"DÂMBOVIȚA","RACIU",,,
"DÂMBOVIȚA","RUNCU",,,
"DÂMBOVIȚA","RÂU ALB",,,
"DÂMBOVIȚA","RĂSCĂEȚI",,,
"DÂMBOVIȚA","RĂZVAD",,,
"DÂMBOVIȚA","SLOBOZIA MOARĂ",,,
"DÂMBOVIȚA","SĂLCIOARA",,,
"DÂMBOVIȚA","TÂRGOVIȘTE",,,
"DÂMBOVIȚA","TĂRTĂȘEȘTI",,,
"DÂMBOVIȚA","TĂTĂRANI",,,
"DÂMBOVIȚA","ULIEȘTI",,,
"DÂMBOVIȚA","ULMI",,,
"DÂMBOVIȚA","VALEA LUNGĂ",,,
"DÂMBOVIȚA","VALEA MARE",,,
"DÂMBOVIȚA","VIȘINA",,,
"DÂMBOVIȚA","VIȘINEȘTI",,,
"DÂMBOVIȚA","VLĂDENI",,,
"DÂMBOVIȚA","VOINEȘTI",,,
"DÂMBOVIȚA","VULCANA-BĂI",,,
"DÂMBOVIȚA","VULCANA-PANDELE",,,
"DÂMBOVIȚA","VÂRFURI",,,
"DÂMBOVIȚA","VĂCĂREȘTI",,,
"DÂMBOVIȚA","VĂLENI-DÂMBOVIȚA",,,
"DÂMBOVIȚA","ȘELARU",,,
"DÂMBOVIȚA","ȘOTÂNGA",,,
"GALAȚI","BARCEA",,,
"GALAȚI","BEREȘTI-MERIA",,,
"GALAȚI","BRANIȘTEA",,,
"GALAȚI","BRĂHĂȘEȘTI",,,
"GALAȚI","BUCIUMENI",,,
"GALAȚI","BĂLENI",,,
"GALAȚI","BĂLĂBĂNEȘTI",,,
"GALAȚI","BĂLĂȘEȘTI",,,
"GALAȚI","BĂNEASA",,,
"GALAȚI","CAVADINEȘTI",,,
"GALAȚI","CERȚEȘTI",,,
"GALAȚI","CORNI",,,
"GALAȚI","COROD",,,
"GALAȚI","COSMEȘTI",,,
"GALAȚI","COSTACHE NEGRI",,,
"GALAȚI","CUCA",,,
"GALAȚI","CUDALBI",,,
"GALAȚI","CUZA VODĂ",,,
"GALAȚI","DRĂGUȘENI",,,
"GALAȚI","DRĂGĂNEȘTI",,,
"GALAȚI","FOLTEȘTI",,,
"GALAȚI","FRUMUȘIȚA",,,
"GALAȚI","FUNDENI",,,
"GALAȚI","FÂRȚĂNEȘTI",,,
"GALAȚI","GALAȚI",,,
"GALAȚI","GHIDIGENI",,,
"GALAȚI","GOHOR",,,
"GALAȚI","GRIVIȚA",,,
"GALAȚI","INDEPENDENȚA",,,
"GALAȚI","IVEȘTI",,,
"GALAȚI","JORĂȘTI",,,
"GALAȚI","LIEȘTI",,,
"GALAȚI","MATCA",,,
"GALAȚI","MOVILENI",,,
"GALAȚI","MUNTENI",,,
"GALAȚI","MĂSTĂCANI",,,
"GALAȚI","NEGRILEȘTI",,,
"GALAȚI","NICOREȘTI",,,
"GALAȚI","NĂMOLOASA",,,
"GALAȚI","OANCEA",,,
"GALAȚI","ORAȘ BEREȘTI",,,
"GALAȚI","ORAȘ TÂRGU BUJOR",,,
"GALAȚI","PECHEA",,,
"GALAȚI","PISCU",,,
"GALAȚI","POIANA",,,
"GALAȚI","PRIPONEȘTI",,,
"GALAȚI","REDIU",,,
"GALAȚI","RĂDEȘTI",,,
"GALAȚI","SCHELA",,,
"GALAȚI","SCÂNTEIEȘTI",,,
"GALAȚI","SLOBOZIA CONACHI",,,
"GALAȚI","SMULȚI",,,
"GALAȚI","SMÂRDAN",,,
"GALAȚI","SUCEVENI",,,
"GALAȚI","SUHURLUI",,,
"GALAȚI","TECUCI",,,
"GALAȚI","TUDOR VLADIMIRESCU",,,
"GALAȚI","TULUCEȘTI",,,
"GALAȚI","UMBRĂREȘTI",,,
"GALAȚI","VALEA MĂRULUI",,,
"GALAȚI","VLĂDEȘTI",,,
"GALAȚI","VÂNĂTORI",,,
"GALAȚI","VÂRLEZI",,,
"GALAȚI","ȘENDRENI",,,
"GALAȚI","ȚEPU",,,
"GIURGIU","ADUNAȚII-COPĂCENI",,,
"GIURGIU","BOLINTIN-DEAL",,,
"GIURGIU","BUCȘANI",,,
"GIURGIU","BULBUCATA",,,
"GIURGIU","BUTURUGENI",,,
"GIURGIU","BĂNEASA",,,
"GIURGIU","CLEJANI",,,
"GIURGIU","COLIBAȘI",,,
"GIURGIU","COMANA",,,
"GIURGIU","COSOBA",,,
"GIURGIU","CREVEDIA MARE",,,
"GIURGIU","CĂLUGĂRENI",,,
"GIURGIU","DAIA",,,
"GIURGIU","FLOREȘTI-STOENEȘTI",,,
"GIURGIU","FRĂTEȘTI",,,
"GIURGIU","GHIMPAȚI",,,
"GIURGIU","GIURGIU",,,
"GIURGIU","GOGOȘARI",,,
"GIURGIU","GOSTINARI",,,
"GIURGIU","GOSTINU",,,
"GIURGIU","GREACA",,,
"GIURGIU","GRĂDINARI",,,
"GIURGIU","GĂISENI",,,
"GIURGIU","GĂUJANI",,,
"GIURGIU","HERĂȘTI",,,
"GIURGIU","HOTARELE",,,
"GIURGIU","IEPUREȘTI",,,
"GIURGIU","ISVOARELE",,,
"GIURGIU","IZVOARELE",,,
"GIURGIU","JOIȚA",,,
"GIURGIU","LETCA NOUĂ",,,
"GIURGIU","MALU",,,
"GIURGIU","MIHAI BRAVU",,,
"GIURGIU","MÂRȘA",,,
"GIURGIU","OGREZENI",,,
"GIURGIU","OINACU",,,
"GIURGIU","ORAȘ BOLINTIN-VALE",,,
"GIURGIU","ORAȘ MIHĂILEȘTI",,,
"GIURGIU","PRUNDU",,,
"GIURGIU","PUTINEIU",,,
"GIURGIU","ROATA DE JOS",,,
"GIURGIU","RĂSUCENI",,,
"GIURGIU","SCHITU",,,
"GIURGIU","SINGURENI",,,
"GIURGIU","SLOBOZIA",,,
"GIURGIU","STOENEȘTI",,,
"GIURGIU","STĂNEȘTI",,,
"GIURGIU","SĂBĂRENI",,,
"GIURGIU","TOPORU",,,
"GIURGIU","ULMI",,,
"GIURGIU","VALEA DRAGULUI",,,
"GIURGIU","VEDEA",,,
"GIURGIU","VÂNĂTORII MICI",,,
"GIURGIU","VĂRĂȘTI",,,
"GORJ","ALBENI",,,
"GORJ","ALIMPEȘTI",,,
"GORJ","ANINOASA",,,
"GORJ","ARCANI",,,
"GORJ","BAIA DE FIER",,,
"GORJ","BENGEȘTI-CIOCADIA",,,
"GORJ","BERLEȘTI",,,
"GORJ","BOLBOȘI",,,
"GORJ","BORĂSCU",,,
"GORJ","BRĂNEȘTI",,,
"GORJ","BUMBEȘTI-PIȚIC",,,
"GORJ","BUSTUCHIN",,,
"GORJ","BÂLTENI",,,
"GORJ","BĂLEȘTI",,,
"GORJ","BĂLĂNEȘTI",,,
"GORJ","BĂRBĂTEȘTI",,,
"GORJ","CIUPERCENI",,,
"GORJ","CRASNA",,,
"GORJ","CRUȘET",,,
"GORJ","CÂLNIC",,,
"GORJ","CĂPRENI",,,
"GORJ","CĂTUNELE",,,
"GORJ","DRĂGOTEȘTI",,,
"GORJ","DRĂGUȚEȘTI",,,
"GORJ","DĂNCIULEȘTI",,,
"GORJ","DĂNEȘTI",,,
"GORJ","FĂRCĂȘEȘTI",,,
"GORJ","GLOGOVA",,,
"GORJ","GODINEȘTI",,,
"GORJ","HUREZANI",,,
"GORJ","IONEȘTI",,,
"GORJ","JUPÂNEȘTI",,,
"GORJ","LELEȘTI",,,
"GORJ","LICURICI",,,
"GORJ","LOGREȘTI",,,
"GORJ","MOTRU",,,
"GORJ","MUȘETEȘTI",,,
"GORJ","MĂTĂSARI",,,
"GORJ","NEGOMIR",,,
"GORJ","ORAȘ BUMBEȘTI-JIU",,,
"GORJ","ORAȘ NOVACI",,,
"GORJ","ORAȘ ROVINARI",,,
"GORJ","ORAȘ TISMANA",,,
"GORJ","ORAȘ TURCENI",,,
"GORJ","ORAȘ TÂRGU CĂRBUNEȘTI",,,
"GORJ","ORAȘ ȚICLENI",,,
"GORJ","PADEȘ",,,
"GORJ","PEȘTIȘANI",,,
"GORJ","PLOPȘORU",,,
"GORJ","POLOVRAGI",,,
"GORJ","PRIGORIA",,,
"GORJ","ROȘIA DE AMARADIA",,,
"GORJ","RUNCU",,,
"GORJ","SAMARINEȘTI",,,
"GORJ","SCHELA",,,
"GORJ","SCOARȚA",,,
"GORJ","SLIVILEȘTI",,,
"GORJ","STEJARI",,,
"GORJ","STOINA",,,
"GORJ","STĂNEȘTI",,,
"GORJ","SĂCELU",,,
"GORJ","SĂULEȘTI",,,
"GORJ","TELEȘTI",,,
"GORJ","TURBUREA",,,
"GORJ","TURCINEȘTI",,,
"GORJ","TÂRGU JIU",,,
"GORJ","URDARI",,,
"GORJ","VLADIMIR",,,
"GORJ","VĂGIULEȘTI",,,
"GORJ","ȚÂNȚĂRENI",,,
"HARGHITA","ATID",,,
"HARGHITA","AVRĂMEȘTI",,,
"HARGHITA","BILBOR",,,
"HARGHITA","BRĂDEȘTI",,,
"HARGHITA","CICEU",,,
"HARGHITA","CIUCSÂNGEORGIU",,,
"HARGHITA","CIUMANI",,,
"HARGHITA","CORBU",,,
"HARGHITA","CORUND",,,
"HARGHITA","COZMENI",,,
"HARGHITA","CÂRȚA",,,
"HARGHITA","CĂPÂLNIȚA",,,
"HARGHITA","DEALU",,,
"HARGHITA","DITRĂU",,,
"HARGHITA","DÂRJIU",,,
"HARGHITA","DĂNEȘTI",,,
"HARGHITA","FELICENI",,,
"HARGHITA","FRUMOASA",,,
"HARGHITA","GHEORGHENI",,,
"HARGHITA","GĂLĂUȚAȘ",,,
"HARGHITA","JOSENI",,,
"HARGHITA","LELICENI",,,
"HARGHITA","LUETA",,,
"HARGHITA","LUNCA DE JOS",,,
"HARGHITA","LUNCA DE SUS",,,
"HARGHITA","LUPENI",,,
"HARGHITA","LĂZAREA",,,
"HARGHITA","MEREȘTI",,,
"HARGHITA","MIERCUREA CIUC",,,
"HARGHITA","MIHĂILENI",,,
"HARGHITA","MUGENI",,,
"HARGHITA","MĂDĂRAȘ",,,
"HARGHITA","MĂRTINIȘ",,,
"HARGHITA","OCLAND",,,
"HARGHITA","ODORHEIU SECUIESC",,,
"HARGHITA","ORAȘ BORSEC",,,
"HARGHITA","ORAȘ BĂILE TUȘNAD",,,
"HARGHITA","ORAȘ BĂLAN",,,
"HARGHITA","ORAȘ CRISTURU SECUIESC",,,
"HARGHITA","ORAȘ VLĂHIȚA",,,
"HARGHITA","PLĂIEȘII DE JOS",,,
"HARGHITA","PORUMBENI",,,
"HARGHITA","PRAID",,,
"HARGHITA","PĂULENI-CIUC",,,
"HARGHITA","RACU",,,
"HARGHITA","REMETEA",,,
"HARGHITA","SATU MARE",,,
"HARGHITA","SECUIENI",,,
"HARGHITA","SICULENI",,,
"HARGHITA","SUBCETATE",,,
"HARGHITA","SUSENI",,,
"HARGHITA","SÂNCRĂIENI",,,
"HARGHITA","SÂNDOMINIC",,,
"HARGHITA","SÂNMARTIN",,,
"HARGHITA","SÂNSIMION",,,
"HARGHITA","SÂNTIMBRU",,,
"HARGHITA","SĂCEL",,,
"HARGHITA","SĂRMAȘ",,,
"HARGHITA","TOMEȘTI",,,
"HARGHITA","TOPLITA",,,
"HARGHITA","TULGHEȘ",,,
"HARGHITA","TUȘNAD",,,
"HARGHITA","ULIEȘ",,,
"HARGHITA","VOȘLĂBENI",,,
"HARGHITA","VĂRȘAG",,,
"HARGHITA","ZETEA",,,
"HARGHITA","ȘIMONEȘTI",,,
"HUNEDOARA","BAIA DE CRIȘ",,,
"HUNEDOARA","BALȘA",,,
"HUNEDOARA","BARU",,,
"HUNEDOARA","BERIU",,,
"HUNEDOARA","BLĂJENI",,,
"HUNEDOARA","BOȘOROD",,,
"HUNEDOARA","BRAD",,,
"HUNEDOARA","BRETEA ROMÂNĂ",,,
"HUNEDOARA","BRĂNIȘCA",,,
"HUNEDOARA","BUCEȘ",,,
"HUNEDOARA","BUCUREȘCI",,,
"HUNEDOARA","BULZEȘTII DE SUS",,,
"HUNEDOARA","BUNILA",,,
"HUNEDOARA","BURJUC",,,
"HUNEDOARA","BĂCIA",,,
"HUNEDOARA","BĂIȚA",,,
"HUNEDOARA","BĂNIȚA",,,
"HUNEDOARA","BĂTRÂNA",,,
"HUNEDOARA","CERBĂL",,,
"HUNEDOARA","CERTEJU DE SUS",,,
"HUNEDOARA","CRIȘCIOR",,,
"HUNEDOARA","CÂRJIȚI",,,
"HUNEDOARA","DENSUȘ",,,
"HUNEDOARA","DEVA",,,
"HUNEDOARA","DOBRA",,,
"HUNEDOARA","GENERAL BERTHELOT",,,
"HUNEDOARA","GHELARI",,,
"HUNEDOARA","GURASADA",,,
"HUNEDOARA","HUNEDOARA",,,
"HUNEDOARA","HĂRĂU",,,
"HUNEDOARA","ILIA",,,
"HUNEDOARA","LELESE",,,
"HUNEDOARA","LUNCA CERNII DE JOS",,,
"HUNEDOARA","LUNCOIU DE JOS",,,
"HUNEDOARA","LUPENI",,,
"HUNEDOARA","LĂPUGIU DE JOS",,,
"HUNEDOARA","MĂRTINEȘTI",,,
"HUNEDOARA","ORAȘ ANINOASA",,,
"HUNEDOARA","ORAȘ CĂLAN",,,
"HUNEDOARA","ORAȘ GEOAGIU",,,
"HUNEDOARA","ORAȘ HAȚEG",,,
"HUNEDOARA","ORAȘ PETRILA",,,
"HUNEDOARA","ORAȘ SIMERIA",,,
"HUNEDOARA","ORAȘ URICANI",,,
"HUNEDOARA","ORĂȘTIE",,,
"HUNEDOARA","ORĂȘTIOARA DE SUS",,,
"HUNEDOARA","PESTIȘU MIC",,,
"HUNEDOARA","PETROȘANI",,,
"HUNEDOARA","PUI",,,
"HUNEDOARA","RAPOLTU MARE",,,
"HUNEDOARA","RIBIȚA",,,
"HUNEDOARA","ROMOS",,,
"HUNEDOARA","RÂU DE MORI",,,
"HUNEDOARA","RĂCHITOVA",,,
"HUNEDOARA","SARMIZEGETUSA",,,
"HUNEDOARA","SÂNTĂMĂRIA-ORLEA",,,
"HUNEDOARA","SĂLAȘU DE SUS",,,
"HUNEDOARA","TELIUCU INFERIOR",,,
"HUNEDOARA","TOMEȘTI",,,
"HUNEDOARA","TOPLIȚA",,,
"HUNEDOARA","TOTEȘTI",,,
"HUNEDOARA","TURDAȘ",,,
"HUNEDOARA","VAȚA DE JOS",,,
"HUNEDOARA","VEȚEL",,,
"HUNEDOARA","VORȚA",,,
"HUNEDOARA","VULCAN",,,
"HUNEDOARA","VĂLIȘOARA",,,
"HUNEDOARA","ZAM",,,
"HUNEDOARA","ȘOIMUȘ",,,
"IALOMIȚA","ADÂNCATA",,,
"IALOMIȚA","ALBEȘTI",,,
"IALOMIȚA","ALEXENI",,,
"IALOMIȚA","ANDRĂȘEȘTI",,,
"IALOMIȚA","ARMĂȘEȘTI",,,
"IALOMIȚA","AXINTELE",,,
"IALOMIȚA","BALACIU",,,
"IALOMIȚA","BORDUȘANI",,,
"IALOMIȚA","BORĂNEȘTI",,,
"IALOMIȚA","BUCU",,,
"IALOMIȚA","BUEȘTI",,,
"IALOMIȚA","BĂRBULEȘTI",,,
"IALOMIȚA","BĂRCĂNEȘTI",,,
"IALOMIȚA","CIOCHINA",,,
"IALOMIȚA","CIOCÂRLIA",,,
"IALOMIȚA","CIULNIȚA",,,
"IALOMIȚA","COCORA",,,
"IALOMIȚA","COLELIA",,,
"IALOMIȚA","COSÂMBEȘTI",,,
"IALOMIȚA","COȘERENI",,,
"IALOMIȚA","DRIDU",,,
"IALOMIȚA","DRĂGOEȘTI",,,
"IALOMIȚA","FETEȘTI",,,
"IALOMIȚA","FĂCĂENI",,,
"IALOMIȚA","GHEORGHE DOJA",,,
"IALOMIȚA","GHEORGHE LAZĂR",,,
"IALOMIȚA","GIURGENI",,,
"IALOMIȚA","GRINDU",,,
"IALOMIȚA","GRIVIȚA",,,
"IALOMIȚA","GURA IALOMIȚEI",,,
"IALOMIȚA","GÂRBOVI",,,
"IALOMIȚA","ION ROATĂ",,,
"IALOMIȚA","JILAVELE",,,
"IALOMIȚA","MAIA",,,
"IALOMIȚA","MANASIA",,,
"IALOMIȚA","MIHAIL KOGĂLNICEANU",,,
"IALOMIȚA","MILOȘEȘTI",,,
"IALOMIȚA","MOLDOVENI",,,
"IALOMIȚA","MOVILA",,,
"IALOMIȚA","MOVILIȚA",,,
"IALOMIȚA","MUNTENI-BUZĂU",,,
"IALOMIȚA","MĂRCULEȘTI",,,
"IALOMIȚA","OGRADA",,,
"IALOMIȚA","ORAȘ AMARA",,,
"IALOMIȚA","ORAȘ CĂZĂNEȘTI",,,
"IALOMIȚA","ORAȘ FIERBINȚI-TÂRG",,,
"IALOMIȚA","ORAȘ ȚĂNDĂREI",,,
"IALOMIȚA","PERIEȚI",,,
"IALOMIȚA","PLATONEȘTI",,,
"IALOMIȚA","RADULEȘTI",,,
"IALOMIȚA","REVIGA",,,
"IALOMIȚA","ROȘIORI",,,
"IALOMIȚA","SCÂNTEIA",,,
"IALOMIȚA","SFÂNTU GHEORGHE",,,
"IALOMIȚA","SINEȘTI",,,
"IALOMIȚA","SLOBOZIA",,,
"IALOMIȚA","STELNICA",,,
"IALOMIȚA","SUDIȚI",,,
"IALOMIȚA","SĂLCIOARA",,,
"IALOMIȚA","SĂRĂȚENI",,,
"IALOMIȚA","SĂVENI",,,
"IALOMIȚA","TRAIAN",,,
"IALOMIȚA","URZICENI",,,
"IALOMIȚA","VALEA CIORII",,,
"IALOMIȚA","VALEA MĂCRIȘULUI",,,
"IALOMIȚA","VLĂDENI",,,
"IAȘI","ALEXANDRU I. CUZA",,,
"IAȘI","ANDRIEȘENI",,,
"IAȘI","ARONEANU",,,
"IAȘI","BALȘ",,,
"IAȘI","BELCEȘTI",,,
"IAȘI","BIVOLARI",,,
"IAȘI","BRĂEȘTI",,,
"IAȘI","BUTEA",,,
"IAȘI","BÂRNOVA",,,
"IAȘI","BĂLȚAȚI",,,
"IAȘI","CEPLENIȚA",,,
"IAȘI","CIOHORĂNI",,,
"IAȘI","CIORTEȘTI",,,
"IAȘI","CIUREA",,,
"IAȘI","COARNELE CAPREI",,,
"IAȘI","COMARNA",,,
"IAȘI","COSTEȘTI",,,
"IAȘI","COSTULENI",,,
"IAȘI","COTNARI",,,
"IAȘI","COZMEȘTI",,,
"IAȘI","CRISTEȘTI",,,
"IAȘI","CUCUTENI",,,
"IAȘI","DAGÂȚA",,,
"IAȘI","DELENI",,,
"IAȘI","DOBROVĂȚ",,,
"IAȘI","DOLHEȘTI",,,
"IAȘI","DRĂGUȘENI",,,
"IAȘI","DUMEȘTI",,,
"IAȘI","ERBICENI",,,
"IAȘI","FOCURI",,,
"IAȘI","FÂNTÂNELE",,,
"IAȘI","GOLĂIEȘTI",,,
"IAȘI","GORBAN",,,
"IAȘI","GRAJDURI",,,
"IAȘI","GROPNIȚA",,,
"IAȘI","GROZEȘTI",,,
"IAȘI","HELEȘTENI",,,
"IAȘI","HOLBOCA",,,
"IAȘI","HORLEȘTI",,,
"IAȘI","HĂLĂUCEȘTI",,,
"IAȘI","HĂRMĂNEȘTI",,,
"IAȘI","IAȘI",,,
"IAȘI","ION NECULCE",,,
"IAȘI","IPATELE",,,
"IAȘI","LESPEZI",,,
"IAȘI","LEȚCANI",,,
"IAȘI","LUNGANI",,,
"IAȘI","MIRCEȘTI",,,
"IAȘI","MIRONEASA",,,
"IAȘI","MIROSLAVA",,,
"IAȘI","MIROSLOVEȘTI",,,
"IAȘI","MOGOȘEȘTI",,,
"IAȘI","MOGOȘEȘTI-SIRET",,,
"IAȘI","MOVILENI",,,
"IAȘI","MOȘNA",,,
"IAȘI","MOȚCA",,,
"IAȘI","MĂDÂRJAC",,,
"IAȘI","ORAȘ HÂRLĂU",,,
"IAȘI","ORAȘ PODU ILOAIEI",,,
"IAȘI","ORAȘ TÂRGU FRUMOS",,,
"IAȘI","OȚELENI",,,
"IAȘI","PAȘCANI",,,
"IAȘI","PLUGARI",,,
"IAȘI","POPEȘTI",,,
"IAȘI","POPRICANI",,,
"IAȘI","PRISĂCANI",,,
"IAȘI","PROBOTA",,,
"IAȘI","REDIU",,,
"IAȘI","ROMÂNEȘTI",,,
"IAȘI","ROȘCANI",,,
"IAȘI","RUGINOASA",,,
"IAȘI","RĂCHITENI",,,
"IAȘI","RĂDUCĂNENI",,,
"IAȘI","SCHITU DUCA",,,
"IAȘI","SCOBINȚI",,,
"IAȘI","SCÂNTEIA",,,
"IAȘI","SINEȘTI",,,
"IAȘI","SIREȚEL",,,
"IAȘI","STOLNICENI-PRĂJESCU",,,
"IAȘI","STRUNGA",,,
"IAȘI","TANSA",,,
"IAȘI","TODIREȘTI",,,
"IAȘI","TOMEȘTI",,,
"IAȘI","TRIFEȘTI",,,
"IAȘI","TĂTĂRUȘI",,,
"IAȘI","UNGHENI",,,
"IAȘI","VALEA LUPULUI",,,
"IAȘI","VALEA SEACĂ",,,
"IAȘI","VICTORIA",,,
"IAȘI","VLĂDENI",,,
"IAȘI","VOINEȘTI",,,
"IAȘI","VÂNĂTORI",,,
"IAȘI","ȘCHEIA",,,
"IAȘI","ȘIPOTE",,,
"IAȘI","ȚIBANA",,,
"IAȘI","ȚIBĂNEȘTI",,,
"IAȘI","ȚIGĂNAȘI",,,
"IAȘI","ȚUȚORA",,,
"ILFOV","1 DECEMBRIE",,,
"ILFOV","AFUMAȚI",,,
"ILFOV","BALOTEȘTI",,,
"ILFOV","BERCENI",,,
"ILFOV","BRĂNEȘTI",,,
"ILFOV","CERNICA",,,
"ILFOV","CHIAJNA",,,
"ILFOV","CIOLPANI",,,
"ILFOV","CIOROGÂRLA",,,
"ILFOV","CLINCENI",,,
"ILFOV","COPĂCENI",,,
"ILFOV","CORBEANCA",,,
"ILFOV","CORNETU",,,
"ILFOV","DASCĂLU",,,
"ILFOV","DOBROEȘTI",,,
"ILFOV","DOMNEȘTI",,,
"ILFOV","DRAGOMIREȘTI-VALE",,,
"ILFOV","DĂRĂȘTI-ILFOV",,,
"ILFOV","GLINA",,,
"ILFOV","GRUIU",,,
"ILFOV","GRĂDIȘTEA",,,
"ILFOV","GĂNEASA",,,
"ILFOV","JILAVA",,,
"ILFOV","MOARA VLĂSIEI",,,
"ILFOV","MOGOȘOAIA",,,
"ILFOV","NUCI",,,
"ILFOV","ORAȘ BRAGADIRU",,,
"ILFOV","ORAȘ BUFTEA",,,
"ILFOV","ORAȘ CHITILA",,,
"ILFOV","ORAȘ MĂGURELE",,,
"ILFOV","ORAȘ OTOPENI",,,
"ILFOV","ORAȘ PANTELIMON",,,
"ILFOV","ORAȘ POPEȘTI LEORDENI",,,
"ILFOV","ORAȘ VOLUNTARI",,,
"ILFOV","PERIȘ",,,
"ILFOV","PETRĂCHIOAIA",,,
"ILFOV","SNAGOV",,,
"ILFOV","TUNARI",,,
"ILFOV","VIDRA",,,
"ILFOV","ȘTEFĂNEȘTII DE JOS",,,
"MARAMUREȘ","ARDUSAT",,,
"MARAMUREȘ","ARINIȘ",,,
"MARAMUREȘ","ASUAJU DE SUS",,,
"MARAMUREȘ","BAIA MARE",,,
"MARAMUREȘ","BICAZ",,,
"MARAMUREȘ","BISTRA",,,
"MARAMUREȘ","BOCICOIU MARE",,,
"MARAMUREȘ","BOGDAN VODĂ",,,
"MARAMUREȘ","BOIU MARE",,,
"MARAMUREȘ","BOTIZA",,,
"MARAMUREȘ","BUDEȘTI",,,
"MARAMUREȘ","BÂRSANA",,,
"MARAMUREȘ","BĂIUȚ",,,
"MARAMUREȘ","BĂIȚA DE SUB CODRU",,,
"MARAMUREȘ","BĂSEȘTI",,,
"MARAMUREȘ","CERNEȘTI",,,
"MARAMUREȘ","CICÂRLĂU",,,
"MARAMUREȘ","COAȘ",,,
"MARAMUREȘ","COLTĂU",,,
"MARAMUREȘ","COPALNIC-MĂNĂȘTUR",,,
"MARAMUREȘ","COROIENI",,,
"MARAMUREȘ","CUPȘENI",,,
"MARAMUREȘ","CÂMPULUNG LA TISA",,,
"MARAMUREȘ","CĂLINEȘTI",,,
"MARAMUREȘ","DESEȘTI",,,
"MARAMUREȘ","DUMBRĂVIȚA",,,
"MARAMUREȘ","FĂRCAȘA",,,
"MARAMUREȘ","GIULEȘTI",,,
"MARAMUREȘ","GROȘI",,,
"MARAMUREȘ","GROȘII ȚIBLEȘULUI",,,
"MARAMUREȘ","GÂRDANI",,,
"MARAMUREȘ","IEUD",,,
"MARAMUREȘ","LEORDINA",,,
"MARAMUREȘ","LĂPUȘ",,,
"MARAMUREȘ","MIREȘU MARE",,,
"MARAMUREȘ","MOISEI",,,
"MARAMUREȘ","OARȚA DE JOS",,,
"MARAMUREȘ","OCNA ȘUGATAG",,,
"MARAMUREȘ","ONCEȘTI",,,
"MARAMUREȘ","ORAȘ BAIA SPRIE",,,
"MARAMUREȘ","ORAȘ BORȘA",,,
"MARAMUREȘ","ORAȘ CAVNIC",,,
"MARAMUREȘ","ORAȘ DRAGOMIREȘTI",,,
"MARAMUREȘ","ORAȘ SEINI",,,
"MARAMUREȘ","ORAȘ SĂLIȘTEA DE SUS",,,
"MARAMUREȘ","ORAȘ TÂRGU LĂPUȘ",,,
"MARAMUREȘ","ORAȘ TĂUȚII-MĂGHERĂUȘ",,,
"MARAMUREȘ","ORAȘ ULMENI",,,
"MARAMUREȘ","ORAȘ VIȘEU DE SUS",,,
"MARAMUREȘ","ORAȘ ȘOMCUTA MARE",,,
"MARAMUREȘ","PETROVA",,,
"MARAMUREȘ","POIENILE DE SUB MUNTE",,,
"MARAMUREȘ","POIENILE IZEI",,,
"MARAMUREȘ","RECEA",,,
"MARAMUREȘ","REMETEA CHIOARULUI",,,
"MARAMUREȘ","REMEȚI",,,
"MARAMUREȘ","REPEDEA",,,
"MARAMUREȘ","RONA DE JOS",,,
"MARAMUREȘ","RONA DE SUS",,,
"MARAMUREȘ","ROZAVLEA",,,
"MARAMUREȘ","RUSCOVA",,,
"MARAMUREȘ","SARASĂU",,,
"MARAMUREȘ","SATULUNG",,,
"MARAMUREȘ","SIGHETU MARMAȚIEI",,,
"MARAMUREȘ","STRÂMTURA",,,
"MARAMUREȘ","SUCIU DE SUS",,,
"MARAMUREȘ","SĂCEL",,,
"MARAMUREȘ","SĂCĂLĂȘENI",,,
"MARAMUREȘ","SĂLSIG",,,
"MARAMUREȘ","SĂPÂNȚA",,,
"MARAMUREȘ","VADU IZEI",,,
"MARAMUREȘ","VALEA CHIOARULUI",,,
"MARAMUREȘ","VIMA MICĂ",,,
"MARAMUREȘ","VIȘEU DE JOS",,,
"MARAMUREȘ","ȘIEU",,,
"MARAMUREȘ","ȘISEȘTI",,,
"MEHEDINȚI","BALA",,,
"MEHEDINȚI","BALTA",,,
"MEHEDINȚI","BRANIȘTEA",,,
"MEHEDINȚI","BREZNIȚA-MOTRU",,,
"MEHEDINȚI","BREZNIȚA-OCOL",,,
"MEHEDINȚI","BROȘTENI",,,
"MEHEDINȚI","BURILA MARE",,,
"MEHEDINȚI","BUTOIEȘTI",,,
"MEHEDINȚI","BÂCLEȘ",,,
"MEHEDINȚI","BÂLVĂNEȘTI",,,
"MEHEDINȚI","BĂLĂCIȚA",,,
"MEHEDINȚI","CIREȘU",,,
"MEHEDINȚI","CORCOVA",,,
"MEHEDINȚI","CORLĂȚEL",,,
"MEHEDINȚI","CUJMIR",,,
"MEHEDINȚI","CĂZĂNEȘTI",,,
"MEHEDINȚI","DEVESEL",,,
"MEHEDINȚI","DROBETA-TURNU SEVERIN",,,
"MEHEDINȚI","DUBOVA",,,
"MEHEDINȚI","DUMBRAVA",,,
"MEHEDINȚI","DÂRVARI",,,
"MEHEDINȚI","EȘELNIȚA",,,
"MEHEDINȚI","FLOREȘTI",,,
"MEHEDINȚI","GODEANU",,,
"MEHEDINȚI","GOGOȘU",,,
"MEHEDINȚI","GRECI",,,
"MEHEDINȚI","GROZEȘTI",,,
"MEHEDINȚI","GRUIA",,,
"MEHEDINȚI","GÂRLA MARE",,,
"MEHEDINȚI","HINOVA",,,
"MEHEDINȚI","HUSNICIOARA",,,
"MEHEDINȚI","ILOVIȚA",,,
"MEHEDINȚI","ILOVĂȚ",,,
"MEHEDINȚI","ISVERNA",,,
"MEHEDINȚI","IZVORU BÂRZII",,,
"MEHEDINȚI","JIANA",,,
"MEHEDINȚI","LIVEZILE",,,
"MEHEDINȚI","MALOVĂȚ",,,
"MEHEDINȚI","OBÂRȘIA DE CÂMP",,,
"MEHEDINȚI","OBÂRȘIA-CLOȘANI",,,
"MEHEDINȚI","OPRIȘOR",,,
"MEHEDINȚI","ORAȘ BAIA DE ARAMĂ",,,
"MEHEDINȚI","ORAȘ STREHAIA",,,
"MEHEDINȚI","ORAȘ VÂNJU MARE",,,
"MEHEDINȚI","ORȘOVA",,,
"MEHEDINȚI","PODENI",,,
"MEHEDINȚI","PONOARELE",,,
"MEHEDINȚI","POROINA MARE",,,
"MEHEDINȚI","PRISTOL",,,
"MEHEDINȚI","PRUNIȘOR",,,
"MEHEDINȚI","PUNGHINA",,,
"MEHEDINȚI","PĂDINA",,,
"MEHEDINȚI","PĂTULELE",,,
"MEHEDINȚI","ROGOVA",,,
"MEHEDINȚI","SALCIA",,,
"MEHEDINȚI","STÂNGĂCEAUA",,,
"MEHEDINȚI","SVINIȚA",,,
"MEHEDINȚI","TÂMNA",,,
"MEHEDINȚI","VLĂDAIA",,,
"MEHEDINȚI","VOLOIAC",,,
"MEHEDINȚI","VRATA",,,
"MEHEDINȚI","VÂNJULEȚ",,,
"MEHEDINȚI","VÂNĂTORI",,,
"MEHEDINȚI","ȘIMIAN",,,
"MEHEDINȚI","ȘIȘEȘTI",,,
"MEHEDINȚI","ȘOVARNA",,,
"MUREȘ","ACĂȚARI",,,
"MUREȘ","ADĂMUȘ",,,
"MUREȘ","ALBEȘTI",,,
"MUREȘ","ALUNIȘ",,,
"MUREȘ","APOLD",,,
"MUREȘ","AȚINTIȘ",,,
"MUREȘ","BAHNEA",,,
"MUREȘ","BAND",,,
"MUREȘ","BATOȘ",,,
"MUREȘ","BEICA DE JOS",,,
"MUREȘ","BERENI",,,
"MUREȘ","BICHIȘ",,,
"MUREȘ","BOGATA",,,
"MUREȘ","BREAZA",,,
"MUREȘ","BRÂNCOVENEȘTI",,,
"MUREȘ","BĂGACIU",,,
"MUREȘ","BĂLA",,,
"MUREȘ","BĂLĂUȘERI",,,
"MUREȘ","CEUAȘU DE CÂMPIE",,,
"MUREȘ","CHEȚANI",,,
"MUREȘ","CHIBED",,,
"MUREȘ","CHIHERU DE JOS",,,
"MUREȘ","COROISÂNMĂRTIN",,,
"MUREȘ","CORUNCA",,,
"MUREȘ","COZMA",,,
"MUREȘ","CRISTEȘTI",,,
"MUREȘ","CRĂCIUNEȘTI",,,
"MUREȘ","CRĂIEȘTI",,,
"MUREȘ","CUCERDEA",,,
"MUREȘ","CUCI",,,
"MUREȘ","DANEȘ",,,
"MUREȘ","DEDA",,,
"MUREȘ","EREMITU",,,
"MUREȘ","ERNEI",,,
"MUREȘ","FÂNTÂNELE",,,
"MUREȘ","FĂRĂGĂU",,,
"MUREȘ","GHEORGHE DOJA",,,
"MUREȘ","GHINDARI",,,
"MUREȘ","GLODENI",,,
"MUREȘ","GORNEȘTI",,,
"MUREȘ","GREBENIȘU DE CÂMPIE",,,
"MUREȘ","GURGHIU",,,
"MUREȘ","GĂLEȘTI",,,
"MUREȘ","GĂNEȘTI",,,
"MUREȘ","HODAC",,,
"MUREȘ","HODOȘA",,,
"MUREȘ","IBĂNEȘTI",,,
"MUREȘ","ICLĂNZEL",,,
"MUREȘ","IDECIU DE JOS",,,
"MUREȘ","LIVEZENI",,,
"MUREȘ","LUNCA",,,
"MUREȘ","LUNCA BRADULUI",,,
"MUREȘ","MICA",,,
"MUREȘ","MIHEȘU DE CÂMPIE",,,
"MUREȘ","MĂDĂRAȘ",,,
"MUREȘ","MĂGHERANI",,,
"MUREȘ","NADEȘ",,,
"MUREȘ","NEAUA",,,
"MUREȘ","OGRA",,,
"MUREȘ","ORAȘ IERNUT",,,
"MUREȘ","ORAȘ LUDUȘ",,,
"MUREȘ","ORAȘ MIERCUREA NIRAJULUI",,,
"MUREȘ","ORAȘ SARMAȘU",,,
"MUREȘ","ORAȘ SOVATA",,,
"MUREȘ","ORAȘ SÂNGEORGIU DE PĂDURE",,,
"MUREȘ","ORAȘ UNGHENI",,,
"MUREȘ","PAPIU ILARIAN",,,
"MUREȘ","PETELEA",,,
"MUREȘ","POGĂCEAUA",,,
"MUREȘ","PĂNET",,,
"MUREȘ","PĂSĂRENI",,,
"MUREȘ","REGHIN",,,
"MUREȘ","RUȘII-MUNȚI",,,
"MUREȘ","RÂCIU",,,
"MUREȘ","RĂSTOLIȚA",,,
"MUREȘ","SASCHIZ",,,
"MUREȘ","SIGHIȘOARA",,,
"MUREȘ","SOLOVĂSTRU",,,
"MUREȘ","STÂNCENI",,,
"MUREȘ","SUPLAC",,,
"MUREȘ","SUSENI",,,
"MUREȘ","SÂNCRAIU DE MUREȘ",,,
"MUREȘ","SÂNGEORGIU DE MUREȘ",,,
"MUREȘ","SÂNGER",,,
"MUREȘ","SÂNPAUL",,,
"MUREȘ","SÂNPETRU DE CÂMPIE",,,
"MUREȘ","SÂNTANA DE MUREȘ",,,
"MUREȘ","SĂRĂȚENI",,,
"MUREȘ","TÂRGU MUREȘ",,,
"MUREȘ","TÂRNĂVENI",,,
"MUREȘ","TĂURENI",,,
"MUREȘ","VALEA LARGĂ",,,
"MUREȘ","VEȚCA",,,
"MUREȘ","VIIȘOARA",,,
"MUREȘ","VOIVODENI",,,
"MUREȘ","VÂNĂTORI",,,
"MUREȘ","VĂRGATA",,,
"MUREȘ","VĂTAVA",,,
"MUREȘ","ZAGĂR",,,
"MUREȘ","ZAU DE CÂMPIE",,,
"MUREȘ","ȘINCAI",,,
"MUREȘ","ȘĂULIA",,,
"NEAMȚ","AGAPIA",,,
"NEAMȚ","ALEXANDRU CEL BUN",,,
"NEAMȚ","BAHNA",,,
"NEAMȚ","BICAZ-CHEI",,,
"NEAMȚ","BICAZU ARDELEAN",,,
"NEAMȚ","BIRA",,,
"NEAMȚ","BODEȘTI",,,
"NEAMȚ","BOGHICEA",,,
"NEAMȚ","BORCA",,,
"NEAMȚ","BORLEȘTI",,,
"NEAMȚ","BOTEȘTI",,,
"NEAMȚ","BOZIENI",,,
"NEAMȚ","BRUSTURI",,,
"NEAMȚ","BÂRGĂUANI",,,
"NEAMȚ","BĂLȚĂTEȘTI",,,
"NEAMȚ","CEAHLĂU",,,
"NEAMȚ","CORDUN",,,
"NEAMȚ","COSTIȘA",,,
"NEAMȚ","CRĂCĂOANI",,,
"NEAMȚ","CÂNDEȘTI",,,
"NEAMȚ","DOBRENI",,,
"NEAMȚ","DOCHIA",,,
"NEAMȚ","DOLJEȘTI",,,
"NEAMȚ","DRAGOMIREȘTI",,,
"NEAMȚ","DRĂGĂNEȘTI",,,
"NEAMȚ","DULCEȘTI",,,
"NEAMȚ","DUMBRAVA ROȘIE",,,
"NEAMȚ","DĂMUC",,,
"NEAMȚ","FARCAȘA",,,
"NEAMȚ","FĂUREI",,,
"NEAMȚ","GHERĂEȘTI",,,
"NEAMȚ","GHINDĂOANI",,,
"NEAMȚ","GIROV",,,
"NEAMȚ","GRINȚIEȘ",,,
"NEAMȚ","GRUMĂZEȘTI",,,
"NEAMȚ","GÂDINȚI",,,
"NEAMȚ","GÂRCINA",,,
"NEAMȚ","HANGU",,,
"NEAMȚ","HORIA",,,
"NEAMȚ","ICUȘEȘTI",,,
"NEAMȚ","ION CREANGĂ",,,
"NEAMȚ","MOLDOVENI",,,
"NEAMȚ","MĂRGINENI",,,
"NEAMȚ","NEGREȘTI",,,
"NEAMȚ","ONICENI",,,
"NEAMȚ","ORAȘ BICAZ",,,
"NEAMȚ","ORAȘ ROZNOV",,,
"NEAMȚ","ORAȘ TÂRGU NEAMȚ",,,
"NEAMȚ","PETRICANI",,,
"NEAMȚ","PIATRA ȘOIMULUI",,,
"NEAMȚ","PIATRA-NEAMȚ",,,
"NEAMȚ","PIPIRIG",,,
"NEAMȚ","PODOLENI",,,
"NEAMȚ","POIANA TEIULUI",,,
"NEAMȚ","POIENARI",,,
"NEAMȚ","PÂNCEȘTI",,,
"NEAMȚ","PÂNGĂRAȚI",,,
"NEAMȚ","PĂSTRĂVENI",,,
"NEAMȚ","REDIU",,,
"NEAMȚ","ROMAN",,,
"NEAMȚ","ROMÂNI",,,
"NEAMȚ","RUGINOASA",,,
"NEAMȚ","RĂUCEȘTI",,,
"NEAMȚ","RĂZBOIENI",,,
"NEAMȚ","SAGNA",,,
"NEAMȚ","SECUIENI",,,
"NEAMȚ","STĂNIȚA",,,
"NEAMȚ","SĂBĂOANI",,,
"NEAMȚ","SĂVINEȘTI",,,
"NEAMȚ","TARCĂU",,,
"NEAMȚ","TAZLĂU",,,
"NEAMȚ","TAȘCA",,,
"NEAMȚ","TIMIȘEȘTI",,,
"NEAMȚ","TRIFEȘTI",,,
"NEAMȚ","TUPILAȚI",,,
"NEAMȚ","TĂMĂȘENI",,,
"NEAMȚ","URECHENI",,,
"NEAMȚ","VALEA URSULUI",,,
"NEAMȚ","VÂNĂTORI-NEAMȚ",,,
"NEAMȚ","VĂLENI",,,
"NEAMȚ","ZĂNEȘTI",,,
"NEAMȚ","ȘTEFAN CEL MARE",,,
"NEAMȚ","ȚIBUCANI",,,
"OLT","BALDOVINEȘTI",,,
"OLT","BOBICEȘTI",,,
"OLT","BRASTAVĂȚU",,,
"OLT","BREBENI",,,
"OLT","BRÂNCOVENI",,,
"OLT","BUCINIȘU",,,
"OLT","BÂRZA",,,
"OLT","BĂBICIU",,,
"OLT","BĂLTENI",,,
"OLT","BĂRĂȘTI",,,
"OLT","CARACAL",,,
"OLT","CEZIENI",,,
"OLT","CILIENI",,,
"OLT","COLONEȘTI",,,
"OLT","CORBU",,,
"OLT","COTEANA",,,
"OLT","CRÂMPOIA",,,
"OLT","CUNGREA",,,
"OLT","CURTIȘOARA",,,
"OLT","CÂRLOGANI",,,
"OLT","CĂLUI",,,
"OLT","DEVESELU",,,
"OLT","DOBREȚU",,,
"OLT","DOBROSLOVENI",,,
"OLT","DOBROTEASA",,,
"OLT","DOBRUN",,,
"OLT","DRĂGHICENI",,,
"OLT","DĂNEASA",,,
"OLT","FĂGEȚELU",,,
"OLT","FĂLCOIU",,,
"OLT","FĂRCAȘELE",,,
"OLT","GHIMPEȚENI",,,
"OLT","GIUVĂRĂȘTI",,,
"OLT","GOSTAVĂȚU",,,
"OLT","GROJDIBODU",,,
"OLT","GRĂDINARI",,,
"OLT","GRĂDINILE",,,
"OLT","GURA PADINII",,,
"OLT","GÂRCOV",,,
"OLT","GĂNEASA",,,
"OLT","GĂVĂNEȘTI",,,
"OLT","IANCA",,,
"OLT","IANCU JIANU",,,
"OLT","ICOANA",,,
"OLT","IPOTEȘTI",,,
"OLT","IZBICENI",,,
"OLT","IZVOARELE",,,
"OLT","LELEASCA",,,
"OLT","MIHĂEȘTI",,,
"OLT","MILCOV",,,
"OLT","MORUNGLAV",,,
"OLT","MOVILENI",,,
"OLT","MĂRUNȚEI",,,
"OLT","NICOLAE TITULESCU",,,
"OLT","OBOGA",,,
"OLT","OBÂRȘIA",,,
"OLT","OPORELU",,,
"OLT","OPTAȘI-MĂGURA",,,
"OLT","ORAȘ BALȘ",,,
"OLT","ORAȘ CORABIA",,,
"OLT","ORAȘ DRĂGĂNEȘTI-OLT",,,
"OLT","ORAȘ PIATRA-OLT",,,
"OLT","ORAȘ POTCOAVA",,,
"OLT","ORAȘ SCORNICEȘTI",,,
"OLT","ORLEA",,,
"OLT","OSICA DE JOS",,,
"OLT","OSICA DE SUS",,,
"OLT","PERIEȚI",,,
"OLT","PLEȘOIU",,,
"OLT","POBORU",,,
"OLT","PRISEACA",,,
"OLT","PÂRȘCOVENI",,,
"OLT","RADOMIREȘTI",,,
"OLT","REDEA",,,
"OLT","ROTUNDA",,,
"OLT","RUSĂNEȘTI",,,
"OLT","SCHITU",,,
"OLT","SCĂRIȘOARA",,,
"OLT","SEACA",,,
"OLT","SLATINA",,,
"OLT","SLĂTIOARA",,,
"OLT","SPINENI",,,
"OLT","SPRÂNCENATA",,,
"OLT","STOENEȘTI",,,
"OLT","STOICĂNEȘTI",,,
"OLT","STREJEȘTI",,,
"OLT","STUDINA",,,
"OLT","SÂMBUREȘTI",,,
"OLT","SÂRBII-MĂGURA",,,
"OLT","TESLUI",,,
"OLT","TIA MARE",,,
"OLT","TOPANA",,,
"OLT","TRAIAN",,,
"OLT","TUFENI",,,
"OLT","TĂTULEȘTI",,,
"OLT","URZICA",,,
"OLT","VALEA MARE",,,
"OLT","VERGULEASA",,,
"OLT","VITOMIREȘTI",,,
"OLT","VIȘINA",,,
"OLT","VIȘINA NOUĂ",,,
"OLT","VLĂDILA",,,
"OLT","VOINEASA",,,
"OLT","VULPENI",,,
"OLT","VULTUREȘTI",,,
"OLT","VÂLCELE",,,
"OLT","VĂDASTRA",,,
"OLT","VĂDĂSTRIȚA",,,
"OLT","VĂLENI",,,
"OLT","ȘERBĂNEȘTI",,,
"OLT","ȘOPÂRLIȚA",,,
"OLT","ȘTEFAN CEL MARE",,,
"PRAHOVA","ADUNAȚI",,,
"PRAHOVA","ALBEȘTI-PALEOLOGU",,,
"PRAHOVA","ALUNIȘ",,,
"PRAHOVA","APOSTOLACHE",,,
"PRAHOVA","ARICEȘTII RAHTIVANI",,,
"PRAHOVA","ARICEȘTII ZELETIN",,,
"PRAHOVA","BABA ANA",,,
"PRAHOVA","BALTA DOAMNEI",,,
"PRAHOVA","BERCENI",,,
"PRAHOVA","BERTEA",,,
"PRAHOVA","BLEJOI",,,
"PRAHOVA","BOLDEȘTI-GRADIȘTEA",,,
"PRAHOVA","BRAZI",,,
"PRAHOVA","BREBU",,,
"PRAHOVA","BUCOV",,,
"PRAHOVA","BĂLȚEȘTI",,,
"PRAHOVA","BĂNEȘTI",,,
"PRAHOVA","BĂRCĂNEȘTI",,,
"PRAHOVA","BĂTRÂNI",,,
"PRAHOVA","CEPTURA",,,
"PRAHOVA","CERAȘU",,,
"PRAHOVA","CHIOJDEANCA",,,
"PRAHOVA","CIORANI",,,
"PRAHOVA","COCORĂȘTII COLȚ",,,
"PRAHOVA","COCORĂȘTII MISLII",,,
"PRAHOVA","COLCEAG",,,
"PRAHOVA","CORNU",,,
"PRAHOVA","COSMINELE",,,
"PRAHOVA","CÂMPINA",,,
"PRAHOVA","CĂLUGĂRENI",,,
"PRAHOVA","CĂRBUNEȘTI",,,
"PRAHOVA","DRAJNA",,,
"PRAHOVA","DRĂGĂNEȘTI",,,
"PRAHOVA","DUMBRAVA",,,
"PRAHOVA","DUMBRĂVEȘTI",,,
"PRAHOVA","FILIPEȘTII DE PĂDURE",,,
"PRAHOVA","FILIPEȘTII DE TÂRG",,,
"PRAHOVA","FLOREȘTI",,,
"PRAHOVA","FULGA",,,
"PRAHOVA","FÂNTÂNELE",,,
"PRAHOVA","GHERGHIȚA",,,
"PRAHOVA","GORGOTA",,,
"PRAHOVA","GORNET",,,
"PRAHOVA","GORNET-CRICOV",,,
"PRAHOVA","GURA VADULUI",,,
"PRAHOVA","GURA VITIOAREI",,,
"PRAHOVA","IORDĂCHEANU",,,
"PRAHOVA","IZVOARELE",,,
"PRAHOVA","JUGURENI",,,
"PRAHOVA","LAPOȘ",,,
"PRAHOVA","LIPĂNEȘTI",,,
"PRAHOVA","MĂGURELE",,,
"PRAHOVA","MĂGURENI",,,
"PRAHOVA","MĂNECIU",,,
"PRAHOVA","MĂNEȘTI",,,
"PRAHOVA","OLARI",,,
"PRAHOVA","ORAȘ AZUGA",,,
"PRAHOVA","ORAȘ BOLDEȘTI-SCĂENI",,,
"PRAHOVA","ORAȘ BREAZA",,,
"PRAHOVA","ORAȘ BUȘTENI",,,
"PRAHOVA","ORAȘ BĂICOI",,,
"PRAHOVA","ORAȘ COMARNIC",,,
"PRAHOVA","ORAȘ MIZIL",,,
"PRAHOVA","ORAȘ PLOPENI",,,
"PRAHOVA","ORAȘ SINAIA",,,
"PRAHOVA","ORAȘ SLĂNIC",,,
"PRAHOVA","ORAȘ URLAȚI",,,
"PRAHOVA","ORAȘ VĂLENII DE MUNTE",,,
"PRAHOVA","PLOIEȘTI",,,
"PRAHOVA","PLOPU",,,
"PRAHOVA","PODENII NOI",,,
"PRAHOVA","POIANA CÂMPINA",,,
"PRAHOVA","POIENARII BURCHII",,,
"PRAHOVA","POSEȘTI",,,
"PRAHOVA","PREDEAL-SĂRARI",,,
"PRAHOVA","PROVIȚA DE JOS",,,
"PRAHOVA","PROVIȚA DE SUS",,,
"PRAHOVA","PUCHENII MARI",,,
"PRAHOVA","PĂCUREȚI",,,
"PRAHOVA","PĂULEȘTI",,,
"PRAHOVA","RÂFOV",,,
"PRAHOVA","SALCIA",,,
"PRAHOVA","SCORȚENI",,,
"PRAHOVA","SECĂRIA",,,
"PRAHOVA","STARCHIOJD",,,
"PRAHOVA","SURANI",,,
"PRAHOVA","SÂNGERU",,,
"PRAHOVA","SĂLCIILE",,,
"PRAHOVA","TALEA",,,
"PRAHOVA","TEIȘANI",,,
"PRAHOVA","TELEGA",,,
"PRAHOVA","TINOSU",,,
"PRAHOVA","TOMȘANI",,,
"PRAHOVA","TÂRGȘORU VECHI",,,
"PRAHOVA","TĂTARU",,,
"PRAHOVA","VADU SĂPAT",,,
"PRAHOVA","VALEA CĂLUGĂREASCĂ",,,
"PRAHOVA","VALEA DOFTANEI",,,
"PRAHOVA","VÂLCĂNEȘTI",,,
"PRAHOVA","VĂRBILĂU",,,
"PRAHOVA","ȘIRNA",,,
"PRAHOVA","ȘOIMARI",,,
"PRAHOVA","ȘOTRILE",,,
"PRAHOVA","ȘTEFEȘTI",,,
"SATU MARE","ACÂȘ",,,
"SATU MARE","AGRIȘ",,,
"SATU MARE","ANDRID",,,
"SATU MARE","APA",,,
"SATU MARE","BELTIUG",,,
"SATU MARE","BERVENI",,,
"SATU MARE","BIXAD",,,
"SATU MARE","BOGDAND",,,
"SATU MARE","BOTIZ",,,
"SATU MARE","BÂRSĂU",,,
"SATU MARE","BĂTARCI",,,
"SATU MARE","CAREI",,,
"SATU MARE","CEHAL",,,
"SATU MARE","CERTEZE",,,
"SATU MARE","CIUMEȘTI",,,
"SATU MARE","CRAIDOROLȚ",,,
"SATU MARE","CRUCIȘOR",,,
"SATU MARE","CULCIU",,,
"SATU MARE","CĂLINEȘTI-OAȘ",,,
"SATU MARE","CĂMIN",,,
"SATU MARE","CĂMĂRZANA",,,
"SATU MARE","CĂPLENI",,,
"SATU MARE","CĂUAȘ",,,
"SATU MARE","DOBA",,,
"SATU MARE","DOROLȚ",,,
"SATU MARE","FOIENI",,,
"SATU MARE","GHERȚA MICĂ",,,
"SATU MARE","HALMEU",,,
"SATU MARE","HODOD",,,
"SATU MARE","HOMOROADE",,,
"SATU MARE","LAZURI",,,
"SATU MARE","MEDIEȘU AURIT",,,
"SATU MARE","MICULA",,,
"SATU MARE","MOFTIN",,,
"SATU MARE","ODOREU",,,
"SATU MARE","ORAȘ ARDUD",,,
"SATU MARE","ORAȘ LIVADA",,,
"SATU MARE","ORAȘ NEGREȘTI-OAȘ",,,
"SATU MARE","ORAȘ TĂȘNAD",,,
"SATU MARE","ORAȘU NOU",,,
"SATU MARE","PETREȘTI",,,
"SATU MARE","PIR",,,
"SATU MARE","PIȘCOLT",,,
"SATU MARE","POMI",,,
"SATU MARE","PORUMBEȘTI",,,
"SATU MARE","PĂULEȘTI",,,
"SATU MARE","RACȘA",,,
"SATU MARE","SANISLĂU",,,
"SATU MARE","SANTĂU",,,
"SATU MARE","SATU MARE",,,
"SATU MARE","SOCOND",,,
"SATU MARE","SUPUR",,,
"SATU MARE","SĂCĂȘENI",,,
"SATU MARE","SĂUCA",,,
"SATU MARE","TARNA MARE",,,
"SATU MARE","TEREBEȘTI",,,
"SATU MARE","TIREAM",,,
"SATU MARE","TURULUNG",,,
"SATU MARE","TURȚ",,,
"SATU MARE","TÂRȘOLȚ",,,
"SATU MARE","URZICENI",,,
"SATU MARE","VALEA VINULUI",,,
"SATU MARE","VAMA",,,
"SATU MARE","VETIȘ",,,
"SATU MARE","VIILE SATU MARE",,,
"SIBIU","ALMA",,,
"SIBIU","ALȚINA",,,
"SIBIU","APOLDU DE JOS",,,
"SIBIU","ARPAȘU DE JOS",,,
"SIBIU","AXENTE SEVER",,,
"SIBIU","AȚEL",,,
"SIBIU","BAZNA",,,
"SIBIU","BIERTAN",,,
"SIBIU","BLĂJEL",,,
"SIBIU","BOIȚA",,,
"SIBIU","BRATEIU",,,
"SIBIU","BRUIU",,,
"SIBIU","BRĂDENI",,,
"SIBIU","BÂRGHIȘ",,,
"SIBIU","CHIRPĂR",,,
"SIBIU","CRISTIAN",,,
"SIBIU","CÂRȚA",,,
"SIBIU","CÂRȚIȘOARA",,,
"SIBIU","DÂRLOS",,,
"SIBIU","GURA RÂULUI",,,
"SIBIU","HOGHILAG",,,
"SIBIU","IACOBENI",,,
"SIBIU","JINA",,,
"SIBIU","LASLEA",,,
"SIBIU","LOAMNEȘ",,,
"SIBIU","LUDOȘ",,,
"SIBIU","MARPOD",,,
"SIBIU","MEDIAȘ",,,
"SIBIU","MERGHINDEAL",,,
"SIBIU","MICĂSASA",,,
"SIBIU","MIHĂILENI",,,
"SIBIU","MOȘNA",,,
"SIBIU","NOCRICH",,,
"SIBIU","ORAȘ AGNITA",,,
"SIBIU","ORAȘ AVRIG",,,
"SIBIU","ORAȘ CISNĂDIE",,,
"SIBIU","ORAȘ COPȘA MICĂ",,,
"SIBIU","ORAȘ DUMBRĂVENI",,,
"SIBIU","ORAȘ MIERCUREA SIBIULUI",,,
"SIBIU","ORAȘ OCNA SIBIULUI",,,
"SIBIU","ORAȘ SĂLIȘTE",,,
"SIBIU","ORAȘ TĂLMACIU",,,
"SIBIU","ORLAT",,,
"SIBIU","POIANA SIBIULUI",,,
"SIBIU","POPLACA",,,
"SIBIU","PORUMBACU DE JOS",,,
"SIBIU","PĂUCA",,,
"SIBIU","RACOVIȚA",,,
"SIBIU","ROȘIA",,,
"SIBIU","RÂU SADULUI",,,
"SIBIU","RĂȘINARI",,,
"SIBIU","SADU",,,
"SIBIU","SIBIU",,,
"SIBIU","SLIMNIC",,,
"SIBIU","TILIȘCA",,,
"SIBIU","TURNU ROȘU",,,
"SIBIU","TÂRNAVA",,,
"SIBIU","VALEA VIILOR",,,
"SIBIU","VURPĂR",,,
"SIBIU","ȘEICA MARE",,,
"SIBIU","ȘEICA MICĂ",,,
"SIBIU","ȘELIMBĂR",,,
"SIBIU","ȘURA MARE",,,
"SIBIU","ȘURA MICĂ",,,
"SUCEAVA","ADÂNCATA",,,
"SUCEAVA","ARBORE",,,
"SUCEAVA","BAIA",,,
"SUCEAVA","BERCHIȘEȘTI",,,
"SUCEAVA","BILCA",,,
"SUCEAVA","BOGDĂNEȘTI",,,
"SUCEAVA","BOROAIA",,,
"SUCEAVA","BOSANCI",,,
"SUCEAVA","BOTOȘANA",,,
"SUCEAVA","BREAZA",,,
"SUCEAVA","BRODINA",,,
"SUCEAVA","BUNEȘTI",,,
"SUCEAVA","BURLA",,,
"SUCEAVA","BĂLCĂUȚI",,,
"SUCEAVA","BĂLĂCEANA",,,
"SUCEAVA","CACICA",,,
"SUCEAVA","CALAFINDEȘTI",,,
"SUCEAVA","CAPU CÂMPULUI",,,
"SUCEAVA","CIOCĂNEȘTI",,,
"SUCEAVA","CIPRIAN PORUMBESCU",,,
"SUCEAVA","COMĂNEȘTI",,,
"SUCEAVA","CORNU LUNCII",,,
"SUCEAVA","COȘNA",,,
"SUCEAVA","CRUCEA",,,
"SUCEAVA","CÂMPULUNG MOLDOVENESC",,,
"SUCEAVA","CÂRLIBABA",,,
"SUCEAVA","DOLHEȘTI",,,
"SUCEAVA","DORNA CANDRENILOR",,,
"SUCEAVA","DORNA-ARINI",,,
"SUCEAVA","DORNEȘTI",,,
"SUCEAVA","DRĂGOIEȘTI",,,
"SUCEAVA","DRĂGUȘENI",,,
"SUCEAVA","DUMBRĂVENI",,,
"SUCEAVA","DĂRMĂNEȘTI",,,
"SUCEAVA","FORĂȘTI",,,
"SUCEAVA","FRUMOSU",,,
"SUCEAVA","FRĂTĂUȚII NOI",,,
"SUCEAVA","FRĂTĂUȚII VECHI",,,
"SUCEAVA","FUNDU MOLDOVEI",,,
"SUCEAVA","FÂNTÂNA MARE",,,
"SUCEAVA","FÂNTÂNELE",,,
"SUCEAVA","FĂLTICENI",,,
"SUCEAVA","GRĂMEȘTI",,,
"SUCEAVA","GRĂNICEȘTI",,,
"SUCEAVA","GĂLĂNEȘTI",,,
"SUCEAVA","HORODNIC DE JOS",,,
"SUCEAVA","HORODNIC DE SUS",,,
"SUCEAVA","HORODNICENI",,,
"SUCEAVA","HÂRTOP",,,
"SUCEAVA","HĂNȚEȘTI",,,
"SUCEAVA","IACOBENI",,,
"SUCEAVA","IASLOVĂȚ",,,
"SUCEAVA","ILIȘEȘTI",,,
"SUCEAVA","IPOTEȘTI",,,
"SUCEAVA","IZVOARELE SUCEVEI",,,
"SUCEAVA","MARGINEA",,,
"SUCEAVA","MITOCU DRAGOMIRNEI",,,
"SUCEAVA","MOARA",,,
"SUCEAVA","MOLDOVA-SULIȚA",,,
"SUCEAVA","MOLDOVIȚA",,,
"SUCEAVA","MUȘENIȚA",,,
"SUCEAVA","MĂLINI",,,
"SUCEAVA","MĂNĂSTIREA HUMORULUI",,,
"SUCEAVA","ORAȘ BROȘTENI",,,
"SUCEAVA","ORAȘ CAJVANA",,,
"SUCEAVA","ORAȘ DOLHASCA",,,
"SUCEAVA","ORAȘ FRASIN",,,
"SUCEAVA","ORAȘ GURA HUMORULUI",,,
"SUCEAVA","ORAȘ LITENI",,,
"SUCEAVA","ORAȘ MILIȘĂUȚI",,,
"SUCEAVA","ORAȘ SALCEA",,,
"SUCEAVA","ORAȘ SIRET",,,
"SUCEAVA","ORAȘ SOLCA",,,
"SUCEAVA","ORAȘ VICOVU DE SUS",,,
"SUCEAVA","OSTRA",,,
"SUCEAVA","PANACI",,,
"SUCEAVA","POIANA STAMPEI",,,
"SUCEAVA","POIENI-SOLCA",,,
"SUCEAVA","POJORÂTA",,,
"SUCEAVA","PREUTEȘTI",,,
"SUCEAVA","PUTNA",,,
"SUCEAVA","PÂRTEȘTII DE JOS",,,
"SUCEAVA","PĂLTINOASA",,,
"SUCEAVA","PĂTRĂUȚI",,,
"SUCEAVA","RÂȘCA",,,
"SUCEAVA","RĂDĂUȚI",,,
"SUCEAVA","RĂDĂȘENI",,,
"SUCEAVA","SADOVA",,,
"SUCEAVA","SATU MARE",,,
"SUCEAVA","SIMINICEA",,,
"SUCEAVA","SLATINA",,,
"SUCEAVA","STRAJA",,,
"SUCEAVA","STROIEȘTI",,,
"SUCEAVA","STULPICANI",,,
"SUCEAVA","SUCEAVA",,,
"SUCEAVA","SUCEVIȚA",,,
"SUCEAVA","TODIREȘTI",,,
"SUCEAVA","UDEȘTI",,,
"SUCEAVA","ULMA",,,
"SUCEAVA","VADU MOLDOVEI",,,
"SUCEAVA","VALEA MOLDOVEI",,,
"SUCEAVA","VAMA",,,
"SUCEAVA","VATRA DORNEI",,,
"SUCEAVA","VATRA MOLDOVIȚEI",,,
"SUCEAVA","VEREȘTI",,,
"SUCEAVA","VICOVU DE JOS",,,
"SUCEAVA","VOITINEL",,,
"SUCEAVA","VOLOVĂȚ",,,
"SUCEAVA","VULTUREȘTI",,,
"SUCEAVA","ZAMOSTEA",,,
"SUCEAVA","ZVORIȘTEA",,,
"SUCEAVA","ȘARU DORNEI",,,
"SUCEAVA","ȘCHEIA",,,
"SUCEAVA","ȘERBĂUȚI",,,
"SĂLAJ","AGRIJ",,,
"SĂLAJ","ALMAȘU",,,
"SĂLAJ","BENESAT",,,
"SĂLAJ","BOBOTA",,,
"SĂLAJ","BOCȘA",,,
"SĂLAJ","BOGHIȘ",,,
"SĂLAJ","BUCIUMI",,,
"SĂLAJ","BĂBENI",,,
"SĂLAJ","BĂLAN",,,
"SĂLAJ","BĂNIȘOR",,,
"SĂLAJ","CAMĂR",,,
"SĂLAJ","CARASTELEC",,,
"SĂLAJ","CHIEȘD",,,
"SĂLAJ","CIZER",,,
"SĂLAJ","COȘEIU",,,
"SĂLAJ","CRASNA",,,
"SĂLAJ","CREACA",,,
"SĂLAJ","CRISTOLȚ",,,
"SĂLAJ","CRIȘENI",,,
"SĂLAJ","CUZĂPLAC",,,
"SĂLAJ","DOBRIN",,,
"SĂLAJ","DRAGU",,,
"SĂLAJ","FILDU DE JOS",,,
"SĂLAJ","GÂLGĂU",,,
"SĂLAJ","GÂRBOU",,,
"SĂLAJ","HALMĂȘD",,,
"SĂLAJ","HERECLEAN",,,
"SĂLAJ","HIDA",,,
"SĂLAJ","HOROATU CRASNEI",,,
"SĂLAJ","ILEANDA",,,
"SĂLAJ","IP",,,
"SĂLAJ","LETCA",,,
"SĂLAJ","LOZNA",,,
"SĂLAJ","MARCA",,,
"SĂLAJ","MESEȘENII DE JOS",,,
"SĂLAJ","MIRȘID",,,
"SĂLAJ","MĂERIȘTE",,,
"SĂLAJ","NUȘFALĂU",,,
"SĂLAJ","NĂPRADEA",,,
"SĂLAJ","ORAȘ CEHU SILVANIEI",,,
"SĂLAJ","ORAȘ JIBOU",,,
"SĂLAJ","ORAȘ ȘIMLEU SILVANIEI",,,
"SĂLAJ","PERICEI",,,
"SĂLAJ","PLOPIȘ",,,
"SĂLAJ","POIANA BLENCHII",,,
"SĂLAJ","ROMÂNAȘI",,,
"SĂLAJ","RUS",,,
"SĂLAJ","SOMEȘ-ODORHEI",,,
"SĂLAJ","SURDUC",,,
"SĂLAJ","SÂG",,,
"SĂLAJ","SÂNMIHAIU ALMAȘULUI",,,
"SĂLAJ","SĂLĂȚIG",,,
"SĂLAJ","TREZNEA",,,
"SĂLAJ","VALCĂU DE JOS",,,
"SĂLAJ","VÂRȘOLȚ",,,
"SĂLAJ","ZALHA",,,
"SĂLAJ","ZALĂU",,,
"SĂLAJ","ZIMBOR",,,
"SĂLAJ","ȘAMȘUD",,,
"SĂLAJ","ȘIMIȘNA",,,
"SĂLAJ","ȘĂRMĂȘAG",,,
"TELEORMAN","ALEXANDRIA",,,
"TELEORMAN","BALACI",,,
"TELEORMAN","BECIU",,,
"TELEORMAN","BEUCA",,,
"TELEORMAN","BLEJEȘTI",,,
"TELEORMAN","BOGDANA",,,
"TELEORMAN","BOTOROAGA",,,
"TELEORMAN","BRAGADIRU",,,
"TELEORMAN","BRÂNCENI",,,
"TELEORMAN","BUJORENI",,,
"TELEORMAN","BUJORU",,,
"TELEORMAN","BUZESCU",,,
"TELEORMAN","BĂBĂIȚA",,,
"TELEORMAN","CERVENIA",,,
"TELEORMAN","CIOLĂNEȘTI",,,
"TELEORMAN","CIUPERCENI",,,
"TELEORMAN","CONȚEȘTI",,,
"TELEORMAN","COSMEȘTI",,,
"TELEORMAN","CREVENICU",,,
"TELEORMAN","CRÂNGENI",,,
"TELEORMAN","CRÂNGU",,,
"TELEORMAN","CĂLINEȘTI",,,
"TELEORMAN","CĂLMĂȚUIU",,,
"TELEORMAN","CĂLMĂȚUIU DE SUS",,,
"TELEORMAN","DIDEȘTI",,,
"TELEORMAN","DOBROTEȘTI",,,
"TELEORMAN","DRACEA",,,
"TELEORMAN","DRĂCȘENEI",,,
"TELEORMAN","DRĂGĂNEȘTI DE VEDE",,,
"TELEORMAN","DRĂGĂNEȘTI-VLAȘCA",,,
"TELEORMAN","FRUMOASA",,,
"TELEORMAN","FRĂSINET",,,
"TELEORMAN","FURCULEȘTI",,,
"TELEORMAN","FÂNTÂNELE",,,
"TELEORMAN","GRATIA",,,
"TELEORMAN","GĂLĂTENI",,,
"TELEORMAN","ISLAZ",,,
"TELEORMAN","IZVOARELE",,,
"TELEORMAN","LISA",,,
"TELEORMAN","LIȚA",,,
"TELEORMAN","LUNCA",,,
"TELEORMAN","MAVRODIN",,,
"TELEORMAN","MERENI",,,
"TELEORMAN","MOȘTENI",,,
"TELEORMAN","MÂRZĂNEȘTI",,,
"TELEORMAN","MĂGURA",,,
"TELEORMAN","MĂLDĂENI",,,
"TELEORMAN","NANOV",,,
"TELEORMAN","NECȘEȘTI",,,
"TELEORMAN","NENCIULEȘTI",,,
"TELEORMAN","NĂSTURELU",,,
"TELEORMAN","OLTENI",,,
"TELEORMAN","ORAȘ VIDELE",,,
"TELEORMAN","ORAȘ ZIMNICEA",,,
"TELEORMAN","ORBEASCA",,,
"TELEORMAN","PERETU",,,
"TELEORMAN","PIATRA",,,
"TELEORMAN","PIETROȘANI",,,
"TELEORMAN","PLOPII-SLĂVITEȘTI",,,
"TELEORMAN","PLOSCA",,,
"TELEORMAN","POENI",,,
"TELEORMAN","POROSCHIA",,,
"TELEORMAN","PURANI",,,
"TELEORMAN","PUTINEIU",,,
"TELEORMAN","ROȘIORI DE VEDE",,,
"TELEORMAN","RĂDOIEȘTI",,,
"TELEORMAN","RĂSMIREȘTI",,,
"TELEORMAN","SAELELE",,,
"TELEORMAN","SALCIA",,,
"TELEORMAN","SCRIOAȘTEA",,,
"TELEORMAN","SCURTU MARE",,,
"TELEORMAN","SEACA",,,
"TELEORMAN","SEGARCEA-VALE",,,
"TELEORMAN","SFINȚEȘTI",,,
"TELEORMAN","SILIȘTEA",,,
"TELEORMAN","SILIȘTEA-GUMEȘTI",,,
"TELEORMAN","SLOBOZIA MÂNDRA",,,
"TELEORMAN","SMÂRDIOASA",,,
"TELEORMAN","STEJARU",,,
"TELEORMAN","SUHAIA",,,
"TELEORMAN","SÂRBENI",,,
"TELEORMAN","SĂCENI",,,
"TELEORMAN","TALPA",,,
"TELEORMAN","TRAIAN",,,
"TELEORMAN","TRIVALEA-MOȘTENI",,,
"TELEORMAN","TROIANUL",,,
"TELEORMAN","TURNU MĂGURELE",,,
"TELEORMAN","TĂTĂRĂȘTII DE JOS",,,
"TELEORMAN","TĂTĂRĂȘTII DE SUS",,,
"TELEORMAN","UDA-CLOCOCIOV",,,
"TELEORMAN","VEDEA",,,
"TELEORMAN","VIIȘOARA",,,
"TELEORMAN","VITĂNEȘTI",,,
"TELEORMAN","VÂRTOAPE",,,
"TELEORMAN","ZÂMBREASCA",,,
"TELEORMAN","ȘTOROBĂNEASA",,,
"TELEORMAN","ȚIGĂNEȘTI",,,
"TIMIȘ","BALINȚ",,,
"TIMIȘ","BANLOC",,,
"TIMIȘ","BARA",,,
"TIMIȘ","BEBA VECHE",,,
"TIMIȘ","BECICHERECU MIC",,,
"TIMIȘ","BELINȚ",,,
"TIMIȘ","BETHAUSEN",,,
"TIMIȘ","BILED",,,
"TIMIȘ","BIRDA",,,
"TIMIȘ","BOGDA",,,
"TIMIȘ","BOLDUR",,,
"TIMIȘ","BRESTOVĂȚ",,,
"TIMIȘ","BUCOVĂȚ",,,
"TIMIȘ","BÂRNA",,,
"TIMIȘ","CENAD",,,
"TIMIȘ","CENEI",,,
"TIMIȘ","CHECEA",,,
"TIMIȘ","CHEVEREȘU MARE",,,
"TIMIȘ","COMLOȘU MARE",,,
"TIMIȘ","COȘTEIU",,,
"TIMIȘ","CRICIOVA",,,
"TIMIȘ","CURTEA",,,
"TIMIȘ","CĂRPINIȘ",,,
"TIMIȘ","DAROVA",,,
"TIMIȘ","DENTA",,,
"TIMIȘ","DUDEȘTII NOI",,,
"TIMIȘ","DUDEȘTII VECHI",,,
"TIMIȘ","DUMBRAVA",,,
"TIMIȘ","DUMBRĂVIȚA",,,
"TIMIȘ","FIBIȘ",,,
"TIMIȘ","FOENI",,,
"TIMIȘ","FÂRDEA",,,
"TIMIȘ","GAVOJDIA",,,
"TIMIȘ","GHILAD",,,
"TIMIȘ","GHIRODA",,,
"TIMIȘ","GHIZELA",,,
"TIMIȘ","GIARMATA",,,
"TIMIȘ","GIERA",,,
"TIMIȘ","GIROC",,,
"TIMIȘ","GIULVĂZ",,,
"TIMIȘ","GOTTLOB",,,
"TIMIȘ","IECEA MARE",,,
"TIMIȘ","JAMU MARE",,,
"TIMIȘ","JEBEL",,,
"TIMIȘ","LENAUHEIM",,,
"TIMIȘ","LIEBLING",,,
"TIMIȘ","LIVEZILE",,,
"TIMIȘ","LOVRIN",,,
"TIMIȘ","LUGOJ",,,
"TIMIȘ","MARGINA",,,
"TIMIȘ","MAȘLOC",,,
"TIMIȘ","MORAVIȚA",,,
"TIMIȘ","MOȘNIȚA NOUĂ",,,
"TIMIȘ","MĂNĂȘTIUR",,,
"TIMIȘ","NIȚCHIDORF",,,
"TIMIȘ","NĂDRAG",,,
"TIMIȘ","OHABA LUNGĂ",,,
"TIMIȘ","ORAȘ BUZIAȘ",,,
"TIMIȘ","ORAȘ CIACOVA",,,
"TIMIȘ","ORAȘ DETA",,,
"TIMIȘ","ORAȘ FĂGET",,,
"TIMIȘ","ORAȘ GĂTAIA",,,
"TIMIȘ","ORAȘ JIMBOLIA",,,
"TIMIȘ","ORAȘ RECAȘ",,,
"TIMIȘ","ORAȘ SÂNNICOLAU MARE",,,
"TIMIȘ","ORȚIȘOARA",,,
"TIMIȘ","OTELEC",,,
"TIMIȘ","PARȚA",,,
"TIMIȘ","PECIU NOU",,,
"TIMIȘ","PERIAM",,,
"TIMIȘ","PESAC",,,
"TIMIȘ","PIETROASA",,,
"TIMIȘ","PIȘCHIA",,,
"TIMIȘ","PĂDURENI",,,
"TIMIȘ","RACOVIȚA",,,
"TIMIȘ","REMETEA MARE",,,
"TIMIȘ","SACOȘU TURCESC",,,
"TIMIȘ","SARAVALE",,,
"TIMIȘ","SATCHINEZ",,,
"TIMIȘ","SECAȘ",,,
"TIMIȘ","SÂNANDREI",,,
"TIMIȘ","SÂNMIHAIU ROMÂN",,,
"TIMIȘ","SÂNPETRU MARE",,,
"TIMIȘ","SĂCĂLAZ",,,
"TIMIȘ","TEREMIA MARE",,,
"TIMIȘ","TIMIȘOARA",,,
"TIMIȘ","TOMEȘTI",,,
"TIMIȘ","TOMNATIC",,,
"TIMIȘ","TOPOLOVĂȚU MARE",,,
"TIMIȘ","TORMAC",,,
"TIMIȘ","TRAIAN VUIA",,,
"TIMIȘ","UIVAR",,,
"TIMIȘ","VARIAȘ",,,
"TIMIȘ","VICTOR VLAD DELAMARINA",,,
"TIMIȘ","VOITEG",,,
"TIMIȘ","VĂLCANI",,,
"TIMIȘ","ȘAG",,,
"TIMIȘ","ȘANDRA",,,
"TIMIȘ","ȘTIUCA",,,
"TULCEA","BAIA",,,
"TULCEA","BEIDAUD",,,
"TULCEA","BEȘTEPE",,,
"TULCEA","C.A. ROSETTI",,,
"TULCEA","CARCALIU",,,
"TULCEA","CASIMCEA",,,
"TULCEA","CEAMURLIA DE JOS",,,
"TULCEA","CEATALCHIOI",,,
"TULCEA","CERNA",,,
"TULCEA","CHILIA VECHE",,,
"TULCEA","CIUCUROVA",,,
"TULCEA","CRIȘAN",,,
"TULCEA","DOROBANȚU",,,
"TULCEA","DĂENI",,,
"TULCEA","FRECĂȚEI",,,
"TULCEA","GRECI",,,
"TULCEA","GRINDU",,,
"TULCEA","HAMCEARCA",,,
"TULCEA","HORIA",,,
"TULCEA","I.C.BRĂTIANU",,,
"TULCEA","IZVOARELE",,,
"TULCEA","JIJILA",,,
"TULCEA","JURILOVCA",,,
"TULCEA","LUNCAVIȚA",,,
"TULCEA","MAHMUDIA",,,
"TULCEA","MALIUC",,,
"TULCEA","MIHAI BRAVU",,,
"TULCEA","MIHAIL KOGĂLNICEANU",,,
"TULCEA","MURIGHIOL",,,
"TULCEA","NALBANT",,,
"TULCEA","NICULIȚEL",,,
"TULCEA","NUFĂRU",,,
"TULCEA","ORAȘ BABADAG",,,
"TULCEA","ORAȘ ISACCEA",,,
"TULCEA","ORAȘ MĂCIN",,,
"TULCEA","ORAȘ SULINA",,,
"TULCEA","OSTROV",,,
"TULCEA","PARDINA",,,
"TULCEA","PECENEAGA",,,
"TULCEA","SARICHIOI",,,
"TULCEA","SFÂNTU GHEORGHE",,,
"TULCEA","SLAVA CERCHEZĂ",,,
"TULCEA","SMÂRDAN",,,
"TULCEA","SOMOVA",,,
"TULCEA","STEJARU",,,
"TULCEA","TOPOLOG",,,
"TULCEA","TULCEA",,,
"TULCEA","TURCOAIA",,,
"TULCEA","VALEA NUCARILOR",,,
"TULCEA","VALEA TEILOR",,,
"TULCEA","VĂCĂRENI",,,
"VASLUI","ALBEȘTI",,,
"VASLUI","ALEXANDRU VLAHUȚĂ",,,
"VASLUI","ARSURA",,,
"VASLUI","BANCA",,,
"VASLUI","BEREZENI",,,
"VASLUI","BLĂGEȘTI",,,
"VASLUI","BOGDANA",,,
"VASLUI","BOGDĂNEȘTI",,,
"VASLUI","BOGDĂNIȚA",,,
"VASLUI","BOȚEȘTI",,,
"VASLUI","BUNEȘTI-AVEREȘTI",,,
"VASLUI","BÂRLAD",,,
"VASLUI","BĂCANI",,,
"VASLUI","BĂCEȘTI",,,
"VASLUI","BĂLTENI",,,
"VASLUI","CIOCANI",,,
"VASLUI","CODĂEȘTI",,,
"VASLUI","COROIEȘTI",,,
"VASLUI","COSTEȘTI",,,
"VASLUI","COZMEȘTI",,,
"VASLUI","CREȚEȘTI",,,
"VASLUI","DELENI",,,
"VASLUI","DELEȘTI",,,
"VASLUI","DIMITRIE CANTEMIR",,,
"VASLUI","DODEȘTI",,,
"VASLUI","DRAGOMIREȘTI",,,
"VASLUI","DRÂNCENI",,,
"VASLUI","DUDA-EPURENI",,,
"VASLUI","DUMEȘTI",,,
"VASLUI","DĂNEȘTI",,,
"VASLUI","EPURENI",,,
"VASLUI","FEREȘTI",,,
"VASLUI","FRUNTIȘENI",,,
"VASLUI","FĂLCIU",,,
"VASLUI","GHERGHEȘTI",,,
"VASLUI","GRIVIȚA",,,
"VASLUI","GÂRCENI",,,
"VASLUI","GĂGEȘTI",,,
"VASLUI","HOCENI",,,
"VASLUI","HUȘI",,,
"VASLUI","IANA",,,
"VASLUI","IBĂNEȘTI",,,
"VASLUI","IVEȘTI",,,
"VASLUI","IVĂNEȘTI",,,
"VASLUI","LAZA",,,
"VASLUI","LIPOVĂȚ",,,
"VASLUI","LUNCA BANULUI",,,
"VASLUI","MICLEȘTI",,,
"VASLUI","MUNTENII DE JOS",,,
"VASLUI","MUNTENII DE SUS",,,
"VASLUI","MĂLUȘTENI",,,
"VASLUI","OLTENEȘTI",,,
"VASLUI","ORAȘ MURGENI",,,
"VASLUI","ORAȘ NEGREȘTI",,,
"VASLUI","OȘEȘTI",,,
"VASLUI","PERIENI",,,
"VASLUI","POCHIDIA",,,
"VASLUI","POGANA",,,
"VASLUI","POGONEȘTI",,,
"VASLUI","POIENEȘTI",,,
"VASLUI","PUIEȘTI",,,
"VASLUI","PUNGEȘTI",,,
"VASLUI","PUȘCAȘI",,,
"VASLUI","PĂDURENI",,,
"VASLUI","RAFAILA",,,
"VASLUI","REBRICEA",,,
"VASLUI","ROȘIEȘTI",,,
"VASLUI","SOLEȘTI",,,
"VASLUI","STĂNILEȘTI",,,
"VASLUI","TANACU",,,
"VASLUI","TODIREȘTI",,,
"VASLUI","TUTOVA",,,
"VASLUI","TĂCUTA",,,
"VASLUI","TĂTĂRĂNI",,,
"VASLUI","VASLUI",,,
"VASLUI","VETRIȘOAIA",,,
"VASLUI","VIIȘOARA",,,
"VASLUI","VINDEREI",,,
"VASLUI","VOINEȘTI",,,
"VASLUI","VULTUREȘTI",,,
"VASLUI","VUTCANI",,,
"VASLUI","VĂLENI",,,
"VASLUI","ZORLENI",,,
"VASLUI","ZĂPODENI",,,
"VASLUI","ȘTEFAN CEL MARE",,,
"VASLUI","ȘULETEA",,,
"VRANCEA","ADJUD",,,
"VRANCEA","ANDREIAȘU DE JOS",,,
"VRANCEA","BILIEȘTI",,,
"VRANCEA","BOGHEȘTI",,,
"VRANCEA","BOLOTEȘTI",,,
"VRANCEA","BORDEȘTI",,,
"VRANCEA","BROȘTENI",,,
"VRANCEA","BÂRSEȘTI",,,
"VRANCEA","BĂLEȘTI",,,
"VRANCEA","CHIOJDENI",,,
"VRANCEA","CIORĂȘTI",,,
"VRANCEA","CORBIȚA",,,
"VRANCEA","COTEȘTI",,,
"VRANCEA","CÂMPINEANCA",,,
"VRANCEA","CÂMPURI",,,
"VRANCEA","CÂRLIGELE",,,
"VRANCEA","DUMBRĂVENI",,,
"VRANCEA","DUMITREȘTI",,,
"VRANCEA","FITIONEȘTI",,,
"VRANCEA","FOCȘANI",,,
"VRANCEA","GAROAFA",,,
"VRANCEA","GOLEȘTI",,,
"VRANCEA","GOLOGANU",,,
"VRANCEA","GUGEȘTI",,,
"VRANCEA","GURA CALIȚEI",,,
"VRANCEA","HOMOCEA",,,
"VRANCEA","JARIȘTEA",,,
"VRANCEA","JITIA",,,
"VRANCEA","MERA",,,
"VRANCEA","MILCOVUL",,,
"VRANCEA","MOVILIȚA",,,
"VRANCEA","MĂICĂNEȘTI",,,
"VRANCEA","NEGRILEȘTI",,,
"VRANCEA","NEREJU",,,
"VRANCEA","NISTOREȘTI",,,
"VRANCEA","NĂNEȘTI",,,
"VRANCEA","NĂRUJA",,,
"VRANCEA","OBREJIȚA",,,
"VRANCEA","ORAȘ MĂRĂȘEȘTI",,,
"VRANCEA","ORAȘ ODOBEȘTI",,,
"VRANCEA","ORAȘ PANCIU",,,
"VRANCEA","PALTIN",,,
"VRANCEA","PLOSCUȚENI",,,
"VRANCEA","POIANA CRISTEI",,,
"VRANCEA","POPEȘTI",,,
"VRANCEA","PUFEȘTI",,,
"VRANCEA","PĂULEȘTI",,,
"VRANCEA","PĂUNEȘTI",,,
"VRANCEA","REGHIU",,,
"VRANCEA","RUGINEȘTI",,,
"VRANCEA","RĂCOASA",,,
"VRANCEA","RĂSTOACA",,,
"VRANCEA","SIHLEA",,,
"VRANCEA","SLOBOZIA BRADULUI",,,
"VRANCEA","SLOBOZIA CIORĂȘTI",,,
"VRANCEA","SOVEJA",,,
"VRANCEA","SPULBER",,,
"VRANCEA","STRĂOANE",,,
"VRANCEA","SURAIA",,,
"VRANCEA","TULNICI",,,
"VRANCEA","TÂMBOEȘTI",,,
"VRANCEA","TĂNĂSOAIA",,,
"VRANCEA","TĂTĂRANU",,,
"VRANCEA","URECHEȘTI",,,
"VRANCEA","VALEA SĂRII",,,
"VRANCEA","VIDRA",,,
"VRANCEA","VINTILEASCA",,,
"VRANCEA","VIZANTEA-LIVEZI",,,
"VRANCEA","VRÂNCIOAIA",,,
"VRANCEA","VULTURU",,,
"VRANCEA","VÂNĂTORI",,,
"VRANCEA","VÂRTEȘCOIU",,,
"VRANCEA","ȚIFEȘTI",,,
"VÂLCEA","ALUNU",,,
"VÂLCEA","AMĂRĂȘTI",,,
"VÂLCEA","BERISLĂVEȘTI",,,
"VÂLCEA","BOIȘOARA",,,
"VÂLCEA","BUDEȘTI",,,
"VÂLCEA","BUJORENI",,,
"VÂLCEA","BUNEȘTI",,,
"VÂLCEA","BĂRBĂTEȘTI",,,
"VÂLCEA","CERNIȘOARA",,,
"VÂLCEA","COPĂCENI",,,
"VÂLCEA","COSTEȘTI",,,
"VÂLCEA","CREȚENI",,,
"VÂLCEA","CÂINENI",,,
"VÂLCEA","DICULEȘTI",,,
"VÂLCEA","DRĂGOEȘTI",,,
"VÂLCEA","DRĂGĂȘANI",,,
"VÂLCEA","DĂEȘTI",,,
"VÂLCEA","DĂNICEI",,,
"VÂLCEA","FRÂNCEȘTI",,,
"VÂLCEA","FÂRTĂȚEȘTI",,,
"VÂLCEA","FĂUREȘTI",,,
"VÂLCEA","GALICEA",,,
"VÂLCEA","GHIOROIU",,,
"VÂLCEA","GLĂVILE",,,
"VÂLCEA","GOLEȘTI",,,
"VÂLCEA","GRĂDIȘTEA",,,
"VÂLCEA","GUȘOENI",,,
"VÂLCEA","IONEȘTI",,,
"VÂLCEA","LALOȘU",,,
"VÂLCEA","LIVEZI",,,
"VÂLCEA","LUNGEȘTI",,,
"VÂLCEA","LĂCUSTENI",,,
"VÂLCEA","LĂDEȘTI",,,
"VÂLCEA","LĂPUȘATA",,,
"VÂLCEA","MALAIA",,,
"VÂLCEA","MATEEȘTI",,,
"VÂLCEA","MIHĂEȘTI",,,
"VÂLCEA","MILCOIU",,,
"VÂLCEA","MITROFANI",,,
"VÂLCEA","MUEREASCA",,,
"VÂLCEA","MĂCIUCA",,,
"VÂLCEA","MĂDULARI",,,
"VÂLCEA","MĂLDĂREȘTI",,,
"VÂLCEA","NICOLAE BĂLCESCU",,,
"VÂLCEA","OLANU",,,
"VÂLCEA","ORAȘ BERBEȘTI",,,
"VÂLCEA","ORAȘ BREZOI",,,
"VÂLCEA","ORAȘ BĂBENI",,,
"VÂLCEA","ORAȘ BĂILE GOVORA",,,
"VÂLCEA","ORAȘ BĂILE OLĂNEȘTI",,,
"VÂLCEA","ORAȘ BĂLCEȘTI",,,
"VÂLCEA","ORAȘ CĂLIMĂNEȘTI",,,
"VÂLCEA","ORAȘ HOREZU",,,
"VÂLCEA","ORAȘ OCNELE MARI",,,
"VÂLCEA","ORLEȘTI",,,
"VÂLCEA","OTEȘANI",,,
"VÂLCEA","PERIȘANI",,,
"VÂLCEA","PESCEANA",,,
"VÂLCEA","PIETRARI",,,
"VÂLCEA","POPEȘTI",,,
"VÂLCEA","PRUNDENI",,,
"VÂLCEA","PĂUȘEȘTI",,,
"VÂLCEA","PĂUȘEȘTI-MĂGLAȘI",,,
"VÂLCEA","RACOVIȚA",,,
"VÂLCEA","ROEȘTI",,,
"VÂLCEA","ROȘIILE",,,
"VÂLCEA","RUNCU",,,
"VÂLCEA","RÂMNICU VÂLCEA",,,
"VÂLCEA","SCUNDU",,,
"VÂLCEA","SINEȘTI",,,
"VÂLCEA","SLĂTIOARA",,,
"VÂLCEA","STOENEȘTI",,,
"VÂLCEA","STOILEȘTI",,,
"VÂLCEA","STROEȘTI",,,
"VÂLCEA","STĂNEȘTI",,,
"VÂLCEA","SUTEȘTI",,,
"VÂLCEA","SĂLĂTRUCEL",,,
"VÂLCEA","TETOIU",,,
"VÂLCEA","TITEȘTI",,,
"VÂLCEA","TOMȘANI",,,
"VÂLCEA","VAIDEENI",,,
"VÂLCEA","VALEA MARE",,,
"VÂLCEA","VLĂDEȘTI",,,
"VÂLCEA","VOICEȘTI",,,
"VÂLCEA","VOINEASA",,,
"VÂLCEA","ZĂTRENI",,,
"VÂLCEA","ȘIRINEASA",,,
"VÂLCEA","ȘTEFĂNEȘTI",,,
"VÂLCEA","ȘUȘANI",,,
