Key,en,ka,hy,ru,az
common.skip,Next,შემდეგი,,,Növbəti
common.search,Search,ძებნა,,,Axtar
common.loading,Loading...,იტვირთება,,,Yüklənir
common.status.completed,Done,შესრულებულია,,,Yerinə yetirildi
common.status.in_progress,In progress,მიმდინარეობს,,,Davam edir
common.status.not_started,Not started,არ დაწყებულა,,,Başlamayıb
common.cancel,Cancel,გაუქმება,,,Ləğv etmək
common.save,Save,შენახვა,,,Yaddaşa almaq
common.no_data,No data found.,მონაცემი არ მოიძებნა,,,Məlumat tapılmadı
common.select,Select,მონიშვნა,,,İzləmək
common.done,Done,შესრულებულია,,,Yerinə yetirildi
languages.ro,Romanian,რუმინული,Ռումիներեն լեզու,Румынский язык,Rumın dili
languages.en,English,ინგლისური,Անգլերեն լեզու,Английский язык,İngilis dili
languages.pl,Polish,პოლონური,Լեհերեն լեզու,Польский язык,Polyak dili
languages.bg,Bulgarian,ბულგარული,բուլղարերեն լեզու,Болгарский язык,Bolqar dili
languages.sr,Serbian,სერბული,սերբերեն լեզու,Сербский язык,Serb dili
languages.ka,Georgian,ქართული,Վրացերեն լեզու,Грузинский язык,Gürcü dili
languages.hy,Armenian,სომხური,Հայոց լեզու,Армянский язык,Erməni dili
languages.ru,Russian,რუსული,Ռուսաց լեզու,Русский язык,Rus dili
languages.az,Azerbaijani,აზერბაიჯანული,ադրբեջաներեն լեզու,Азербайджанский язык,Azərbaycan dili
onboarding.language.heading,Choose your language,აირჩიე ენა,,,Dil seç
onboarding.language.description,"This will be the language in which your app will be displayed, and can be changed at any time from the More Section of the application.","არჩეული ენა იქნება თქვენი აპლიკაციის ძირითადი ენა, რომელიც ნებისმიერ დროს შეიძლება შეიცვალოს აპლიკაციის სექციიდან ""More""",,,"Seçdiyiniz dil sizin 
aplikasiyanın əsas dili olacaq və istənilən zaman  aplikasiyanın  “More” bölməsindən  dəyişə bilər
"
onboarding.language.save,Apply selection,მონიშნულის გააქტიურება,,,İzlənilənin aktivləşdirilməsi
onboarding.polling_stations.heading,Monitor polling stations,საარჩევნო უბნებზე დაკვირვება,,,Seçki məntəqələrində müşahidəçilik
onboarding.polling_stations.description,"and document in real-time the entire election process, on forms which your accrediting NGO has set up","და რეალურ დროში ასახეთ მთელი საარჩევნო პროცესი, თქვენი არასამთავრობო ორგანიზაციის მიერ წინასწარ შედგენილ ფორმებზე.",,,Və real vaxtda sizin qeyri-hökumət təşkilatı tərəfindən əvvəlcədən tərtib edilmiş formalarda bütün seçki prosesini  təsvir edin.
onboarding.forms.heading,Fill in observation forms,შეავსეთ დამკვირვებლის ფორმები,,,Müşahidəçi formalarını doldurun
onboarding.forms.description,and track their progress during each monitoring stage,და ადევნეთ თვალი მათ პროგრესს მონიტორინგის თითოეულ ეტაპზე,,,Və monitorinqin hər bir mərhələsində onların tərəqqisinə nəzər yetirin
onboarding.media.heading,Add notes or media files,დაამატეთ შენიშვნა ან მედია ფაილები,,,Qeyd və ya media fayllar əlavə edin
onboarding.media.description,if you notice any problems to further support your answers,"თუ თქვენ შეამჩნიეთ რაიმე პრობლემა, რომელიც დამატებით დაადასტურებს თქვენს მიერ მონიშნულ პასუხს",,,Əgər siz izlədiyiniz cavabı əlavə olaraq təsdiq edəcək hansısa problem görübsünüzsə
onboarding.media.save,Go to app,აპზე გადასვლა,,,Appa keçid
login.disclaimer.paragraph1,"Please note that if you are not accredited as an independent observer by an organization that monitors election processes in your country, you cannot use the Vote Monitor app.","გთხოვთ, გაითვალისწინოთ, რომ თუ თქვენ არ ხართ აკრედიტირებული დამოუკიდებელი დამკვირვებელი იმ ორგანიზაციის მიერ, რომელიც დაკვირვებას ახორციელებს თქვენს ქვეყანაში, თქვენ არ შეგიძლიათ გამოიყენოთ Vote Monitor აპლიკაცია. ",,,"Xahiş edirik, nəzərə alasınız ki, əgər siz ölkənizdə müşahidəni həyata keçirən təşkilat tərəfindən akreditasiyalı müstəqil müşahidəçi deyilsinizsə siz Vote Monitor aplikasiyadan istifadə edə bilməyəcəksiniz."
login.disclaimer.paragraph2,Please refer to such organizations to learn what steps you need to take to become an electoral observer or contact us for further information at,"გთხოვთ მიმართოთ ასეთ ორგანიზაციებს იმ შემდგომი ნაბიჯების გადასადგმელად, რაც საჭიროა, რომ გახდეთ საარჩევნო დამკვირვებელი ან დაგვიკავშირდეთ დამატებითი ინფორმაციისთვის შემდეგ მისამართზე: ",,,"Xahiş edirik, atılması lazım olan növbəti addımlar üçün belə təşkilatlara müraciət edin ki, seçki müşahidəçisi ola biləsiniz və ya əlavə məlumat üçün sonrakı ünvan vasitəsilə bizimlə əlaqə saxlayasanız:"
login.disclaimer.email,info@commitglobal.org,info@commitglobal.org,,,info@commitglobal.org
login.heading,Log in,ავტორიზაცია,,,Avtorizasiya
login.paragraph,Please use the email address with which you registered as an independent observer:,"გთხოვთ გამოიყენოთ ელ. ფოსტის ის მისამართი, რომლთაც დარეგისტრირდით დამკვირვებლად",,,"Xahiş edirik, müşahidəçi olaraq qeydiyyatdan keçdiyiniz E-poçt ünvanından istifadə edəsiniz"
login.form.email.label,E-mail *,ელ. ფოსტა*,,,El-poçt*
login.form.email.placeholder,E-mail,ელ. ფოსტა,,,El-Poçt
login.form.email.required,E-mail is mandatory,ელ. ფოსტის მითითება სავალდებულოა,,,E-poçtu qeyd etmək mütləqdir
login.form.email.pattern,E-mail format is not valid,არასწორი ელ. ფოსტის ფორმატი,,,Yanlış E-poçt formatı
login.form.password.label,Password *,პაროლი*,,,Parol*
login.form.password.placeholder,Password,პაროლი,,,Parol
login.form.password.required,Password is mandatory,პაროლის მითითება სავალდებულოა,,,Parolu qeyd etmək mütləqdir
login.form.submit.save,Log in,ავტორიზაცია,,,Avtorizasiya
login.form.submit.loading,Log in...,ავტორიზაცია...,,,Avtorizasiya...
login.form.errors.invalid_credentials,There was an error with your credentials. Please try again.,ელ. ფოსტა ან პაროლი არასწორია. გთხოვთ სცადოთ კიდევ,,,E-poçt və ya parol səhvdir. Xahiş edirik yenidən cəhd edin
login.form.errors.offline,You need an internet connection in order to log in.,ავტორიზაციისთვის აუცილებელია ინტერნეტთან კავშირი,,,Avtorizasiya üçün internet bağlantısı tələb olunur
login.actions.forgot_password,Forgot your password?,დაგავიწყდა პაროლი?,,,Parolu unutmusan?
login.email_toast,Email address was copied to clipboard,ელ. ფოსტის მისამართი დაკოპირებულია,,,E-poçt ünvanı kopyalandı
forgot_password.header.title,Forgot password,პაროლის დავიწყება,,,Parolun unudulması
forgot_password.heading,Forgot your password?,დაგავიწყდა პაროლი?,,,Parolu unutmusan?
forgot_password.paragraph,Please enter the email address associated with your account and we’ll send you a link to reset your password.,"გთხოვთ, მიუთითოთ თქვენს ანგარიშთან დაკავშირებული ელექტრონული ფოსტის მისამართი და ჩვენ გამოგიგზავნით ლინკს პაროლის აღსადგენად. ",,,"Xahiş edirik, hesabınızla əlaqəli E-poçt ünvanını göstərin və biz sizə parolunuzu bərpa etmək üçün link göndərəcəyik."
forgot_password.form.email.label,E-mail *,ელ. ფოსტა*,,,E-poçt*
forgot_password.form.email.placeholder,E-mail,ელ. ფოსტა,,,E-poçt
forgot_password.form.email.required,E-mail is mandatory,ელ. ფოსტის მითითება სავალდებულოა,,,E-poçtu qeyd etmək mütləqdir
forgot_password.form.email.pattern,E-mail format is not valid,არასწორი ელ. ფოსტის ფორმატი,,,Yanlış E-poçt formatı
forgot_password.form.submit.loading,Sending...,გაგზავნა...,,,Göndərmək...
forgot_password.form.submit.save,Send,გაგზავნა,,,Göndərmək
forgot_password.form.errors.invalid_email,The current email is not registered in the system. Please try again.,ელ. ფოსტა არ არის რეგისტრირებული სისტემაში. გთხოვთ სცადოთ თავიდან,,,E-poçt sistemdə qeydiyyat olunmayıb. Xahiş edirik yenidən cəhd edin
forgot_password.confirmation.heading,Email sent,ელ. ფოსტა გაგზავნილია,,,E-poçt göndərildi
forgot_password.confirmation.paragraph,Check your email and open the link we sent to continue. Check your spam filter if you did not receive the email.,"შეამოწმეთ თქვენი ელექტრონული ფოსტა და გახსენით ჩვენ მიერ გამოგზავნილი ლინკი. თუ არ მიგიღიათ შეტყობინება, გთხოვთ, შეამოწმოთ სპამის ფოლდერიც. ",,,"Elektron poçtunuzu yoxlayın və bizim göndərdiyimiz bildirişi açın. Əgər bildirişi almayıbsınızsa xahiş edirik, ""Spam"" papkasını da yoxlayın."
forgot_password.confirmation.confirm,Back to login,დაბრუნება ავტორიზაციაზე,,,Avtorizasiyaya qayıtmaq
about_app.title,About Vote Monitor,Vote Monitor-ის შესახებ,,,Vote Monitor haqqında
about_app.general,Vote Monitor is a dedicated digital tool for independent observers and international organizations engaged in election monitoring. Vote Monitor is developed and managed by Code for Romania/Commit Global.,Vote Monitor არის დამოუკიდებელი დამკვირვებლებისთვისა და საარჩევნო მონიტორინგის განმახორციელებელი ორგანიზაციებისთვის გამოყოფული ციფრული ინსტრუმენტი. Vote Monitor შექმნილია და იმართება Code for Romania/Commit Global-ის მიერ.,,,Vote Monitor müstəqil müşahidəçilər üçündür və seçki monitorinqini həyata keçirən təşkilat üçün ayrılmış rəqəmsal vasitədir. Vote Monitor Code for Romania/Commit Global tərəfindən yaradılıb və  idarə edilir.
about_app.purpose,"The app assists independent observers in monitoring polling stations and documenting the polling process in real-time for a specific election round. All data collected through the mobile app is sent in real-time to accrediting organizations to identify potential red flags that may indicate fraud or other irregularities. Ultimately, our goal is to provide a clear, simple, and realistic snapshot of the polling process proceedings.","აპლიკაცია ეხმარება დამოუკიდებელ დამკვირვებლებს საარჩევნო უბნების მონიტორინგში და კონკრეტული საარჩევნო ტურისთვის კენჭისყრის პროცესის რეალურ დროში დოკუმენტირებაში. მობილური აპლიკაციის საფუძველზე შეგროვებული ყველა მონაცემი რეალურ დროში ეგზავნება მაკრედიტირებელ ორგანიზაციებს, რათა მათ დააიდენტიფიცირონ შესაძლო საყურადღებო ფაქტები, რომელიც შეიძლება მიუთითებდეს გაყალბებასა ან სხვა დარღვევებზე. საბოლოო ჯამში, ჩვენი მიზანია ხმისმიცემის პროცესის მკაფიო, მარტივი და რეალისტური სურათის წარმოჩენა.",,,"Aplikasiya müstəqil müşahidəçilərə seçki məntəqələrini müşahidə etməyə və konkret seçki turu üçün real vaxt rejimində səsvermə prosesini sənədləşdirməyə kömək edir. Mobil aplikasiya əsasında toplanmış bütün məlumatlar real vaxt rejimində təşkilatlara göndərilir ki, onlar saxtakarlıq və ya digər pozuntuları göstərə biləcək mümkün qırmızı bayraqları müəyyən edə bilsinlər. Yekun nəticədə, məqsədimiz səsvermə prosesinin aydın, sadə və real mənzərəsini təqdim etməkdir."
about_app.app_provides.paragraph,The app provides observers with:,აპლიკაცია დამკვირვებელს აღჭურავს: ,,,Aplikasiya müşahidəçini təmin edir:
about_app.app_provides.item1,A way to manage multiple visited polling stations,სხვადასხვა მონახულებული საარჩევნო უბნის მართვის საშუალებით,,,Müxtəlif ziyarət edilmiş seçki məntəqələrini idarə etmək vasitəsilə
about_app.app_provides.item2,An efficient method to monitor the flow of the polling process through forms set up by accrediting organizations,დარეგისტრირებული სადამკვირვებლო ორგანიზაციების მიერ შექმნილი ფორმების მეშვეობით კენჭისყრის პროცესის მონიტორინგის ეფექტური მეთოდით ,,,Qeydiyyatdan keçmiş müşahidəçi təşkilatlar tərəfindən yaradılmış formalar vasitəsilə səsvermə prosesi monitorinqinin effektiv üsulu ilə
about_app.app_provides.item3,A means of quickly reporting other problematic issues outside the standard forms,გარდა სტანდარტული ფორმებისა ინციდენტების სწრაფი რეპორტინგის საშუალებებით ,,,Standart formalardan əlavə insidentlərin sürətli göndərilməsi vasitəsi ilə
about_app.usage,"The Vote Monitor App can be used during any type of election in any country worldwide. Since 2016, it has been used in multiple election rounds in Romania and Poland.",აპლიკაცია შეიძლება გამოყენებულ იქნას ნებისმიერი ტიპის არჩევნებისთვის მსოფლიოს ნებისმიერ ქვეყანაში. 2016 წლიდან ის გამოიყენება რუმინეთსა და პოლონეთში.,,,Aplikasiyadan dünyanın istənilən ölkəsində hər hansı tipli seçkilər üçün istifadə etmək mümkündür. 2016-cı ildən Rumınya və Polşada ondan istifadə olunur.
about_app.version,Vote Monitor version {{value}},Vote Monitor ვერსია {{value}},,,Vote Monitor versiyası {{value}}
loading_screen.heading,Loading...,იტვირთება...,,,Yüklənir...
loading_screen.paragraph,"We are preparing all the data, please wait!","ჩვენ ვამზადებთ მონაცემებს, გთხოვ დაელოდოთ!",,,"Biz məlumatları hazırlayırıq, xahiş edirik gözləyin!"
tabs.observation,Observation,დაკვირვება,,,Müşahidə
tabs.quick_report,Report,ანგარიში,,,Hesabat
tabs.guides,Guides,გზამკვლევები,,,Bələdçilər
tabs.inbox,Inbox,ინბოქსი,,,Gələnlər qutusu
tabs.more,More,მეტი,,,Daha artıq
add_polling_station.title,Add polling station,დაამატე საარჩევნო უბანი,,,Seçki məntəqəsi əlavə et
add_polling_station.progress.location,Add polling station from {{value}},დაამატე საარჩევნო უბანი {{value}}დან,,,Seçki məntəqəsini {{value}}-dən əlavə et
add_polling_station.actions.next_step,Next step,შემდეგი ნაბიჯი,,,Növbəti addım
add_polling_station.actions.back,Back,უკან,,,Geri
add_polling_station.actions.finalize,Finalize,დასრულება,,,Başa vurmaq
add_polling_station.error,Error while loading polling stations!,შეცდომა საარჩევნო უბნების ჩატვირთვისას,,,Seçki məntəqələrinin yüklənməsi zamanı xəta
observation.title,Polling Station Observation,საარჩევნო უბნებზე დაკვირვება,,,Seçki məntəqələrini müşahidə etmək
observation.no_election_round.heading,No election event to observe yet,"ჯერ არ არის ისეთი, საარჩევნო ღონისძიება, რომელიც დაკვირვებას საჭიროებს",,,Hələ müşahidəyə ehtiyac duyan seçki tədbiri yoxdur
observation.no_election_round.paragraph,You will be able to use the app once you will be assigned to an election event by your organization,"თქვენ შეძლებთ აპლიკაციის გამოყენებას მას შემდეგ, რაც თქვენი ორგანიზაცია მიგამაგრებთ საარჩევნო ღონისძიებაზე ",,,Təşkilatınız sizi seçki tədbirinə əlavə etdikdən sonra aplikasiyadan istifadə edə biləcəksiniz
observation.no_visited_polling_stations.heading,No visited polling stations yet,ჯერ არ არის მონახულებული საარჩევნო უბნები,,,Seçki məntəqələri hələ ziyarət edilməyib
observation.no_visited_polling_stations.paragraph,Start configuring your first polling station before completing observation forms.,სადამკვირვებლო ფორმების შევსებამდე მიუთითეთ პირველი საარჩევნო უბანი,,,Müşahidəçi formalarını doldurmazdan əvvəl ilk seçki məntəqəsini göstərin
observation.no_visited_polling_stations.add,Add your first polling station,დაამატეთ თქვენი პირველი საარჩევნო უბანი,,,İlk seçki məntəqənizi əlavə edin
observation.my_polling_stations.heading,My polling stations,ჩემი საარჩევნო უბნები,,,Mənim seçki məntəqələrim
observation.my_polling_stations.paragraph,You can switch between polling stations if you want to revisit form answers or polling station information.,"თქვენ შეგიძლიათ გადართოთ საარჩევნო უბნები, თუ გსურთ ფორმის პასუხების ან საარჩევნო უბნის ინფორმაციის ხელახლა ნახვა.",,,"Forma cavablarını və ya səsvermə məntəqəsi məlumatını yenidən görmək istəyirsinizsə, seçki məntəqələrini çevirə bilərsiniz."
observation.my_polling_stations.add,Add new polling station,დაამატეთ ახალი საარჩევნო უბანი,,,Yeni seçki məntəqəsi əlavə edin.
observation.polling_stations_information.heading,Polling station information,ინფორმაცია საარჩევნო უბანზე,,,Seçki məntəqəsi haqqında məlumat
observation.polling_stations_information.time_select.not_defined,Not defined,არ არის განსაზღვრული,,,Müəyyən edilməyib
observation.polling_stations_information.time_select.arrival_time,Arrival time,მისვლის დრო,,,Giriş vaxtı
observation.polling_stations_information.time_select.departure_time,Departure time,გასვლის დრო,,,Çıxış vaxtı
observation.polling_stations_information.time_select.save,Done,შესრულებულია,,,Yerinə yetirilib
observation.polling_stations_information.time_select.error.arrival_first,Please select an arrival time first.,"გთხოვთ, ჯერ აირჩიოთ მისვლის დრო",,,"Xahiş edirik, ilk əvvəl giriş vaxtını seçəsiniz"
observation.polling_stations_information.time_select.error.later_departure,Please select a departure time that is at a later time than the arrival.,"გთხოვთ, აირჩიოთ გასვლის დრო, რომელიც მისვლის დროზე გვიან არის",,,"Xahiş edirik, giriş vaxtından gec olan çıxış vaxtını seçəsiniz"
observation.polling_stations_information.time_select.error.earlier_arrival,Please select an arrival time that is at an earlier time than the departure.,"გთხოვთ, აირჩიოთ მისვლის დრო, რომელიც გასვლის დროზე ადრე არის",,,"Xahiş edirik, çıxış vaxtından əvvəl olan giriş vaxtını seçəsiniz"
observation.polling_stations_information.time_select.error.server,We couldn't send the information to the server.,ჩვენ ვერ შევძელით ინფორმაციის სერვერზე გაგზავნა,,,Biz məlumatı serverə göndərə bilmədik
observation.polling_stations_information.polling_station_form.paragraph,Answer a few quick questions about the polling station.,"გთხოვთ, საარჩევნო უბნის შესახებ რამდენი მოკლე შეკითხვას უპასუხოთ",,,"Xahiş edirik, seçki məntəqəsi haqqında bir neçə qısa suala cavab verəsinz."
observation.polling_stations_information.polling_station_form.form_details_button_label,Polling station questions,საარჩევნო უბნის შეკითხვები,,,Seçki məntəqəsinin sualları
observation.polling_stations_information.polling_station_form.number_of_questions,{{value}} questions,{{value}} კითხვები,,,{{value}} Suallar
observation.polling_stations_information.polling_station_form.answer_questions,Answer questions,უპასუხე შეკითხვებს,,,Suallara cavab ver.
observation.forms.heading,Observation forms,სადამკვირვებლო ფორმები,,,Müşahidəçi formaları
observation.forms.list.empty,Observation forms will appear here once your organization will publish them in the system.,"აქ გამოჩნდება სადამკვირვებლო ფორმები, როდესაც შენი ორგანიზაცია განათავსებს სისტემაში",,,Təşkilatınız müşahidə formalarını sistemə yerləşdirəndə burada görünəcək
observation.forms.list.error.paragraph1,Something went wrong!,რაღაც პრობლემაა!,,,Problem var!
observation.forms.list.error.paragraph2,We could not fetch the data. Press the retry button to try again!,"მონაცემების მიღება ვერ მოხერხდა. დააჭირეთ ხელახლა ცდის ღილაკს, რათა სცადოთ კიდევ ერთხელ!
",,,Məlumatları əldə etmək alınmadı. Yenidən cəhd etmək üçün yenidən cəhd edin düyməsinə basın!
observation.forms.list.error.retry,Retry,სცადეთ ხელახლა,,,Yenidən cəhd edin
observation.forms.select_language_modal.header,Select form language,აირჩიეთ ფორმის ენა,,,Forma üçün dil seçin
observation.forms.select_language_modal.helper,The selected form is available in multiple languages. Please select which one you would like to continue with.,"შერჩეული ფორმა ხელმისაწვდომია რამდენიმე ენაზე. გთხოვთ, აირჩიოთ, რომელი ენით გსურთ გაგრძელება.
",,,"Seçilmiş forma bir neçə dildə əlçatan olacaq. Xahiş edirik, hansı dildə davam etmək istədiyinizi seçin."
observation.forms.select_language_modal.error,Please select one of the options,"გთხოვთ, არჩიოთ ერთ-ერთი ვარიანტი",,,Xahiş edirik variantlardan birini seçin
observation.options_menu.manage_my_polling_stations,Manage my polling stations,"ჩემი საარჩევნო უბნების მართვა
",,,Mənim seçki məntəqələrimin idarə edilməsi
polling_station_information_form.title,Polling station information,საარჩევნო უბნის ინფორმაცია,,,Seçki məntəqəsinin məlumatı
polling_station_information_form.submit,Submit answers,პასუხების გაგზავნა,,,Cavabların göndərilməsi
polling_station_information_form.form.max,Input cannot exceed {{value}} characters,შეყვანილი ტექსტი არ უნდა აღემატებოდეს {{value}} სიმბოლოს,,,Daxil edilmiş mətn {{value}} simvoldan çox olmamalıdır
polling_station_information_form.form.placeholder,Please enter a text..,"გთხოვთ, შეიყვანოთ ტექსტი..",,,Xahiş edirik mətni daxil edin...
polling_station_information_form.menu.clear,Clear form (delete all answers),"ფორმის გასუფთავება (ყველა პასუხის წაშლა)
",,,Formanı silin (bütün cavabların silinməsi)
polling_station_information_form.warning_modal.title,Clear Polling station information form,საარჩევნო უბნის ინფორმაციის ფორმის წაშლა,,,Seçki məntəqəsinin məlumat formasının silinməsi
polling_station_information_form.warning_modal.description,"This action will delete all answers entered so far for this form. To avoid unintended information loss, please ensure you check the form before performing this action.","ეს მოქმედება წაშლის ამ ფორმაში შეყვანილ ყველა პასუხს. არასასურველი ინფორმაციის დაკარგვის თავიდან ასაცილებლად, გთხოვთ, გადაამოწმოთ ფორმა ამ მოქმედების შესრულებამდე.
",,,"Bu hərəkət formaya daxil edilmiş bütün cavabları siləcək. Xoşagəlməz məlumatın itirilməsini aradan qaldırmaq üçün xahiş edirik, bu hərəkəti yerinə yetirənə qədər formanı yoxlayın."
polling_station_information_form.warning_modal.actions.cancel,Cancel,გაუქმება,,,Ləğv etmək
polling_station_information_form.warning_modal.actions.clear,Clear form,"ფორმის გასუფთავება (ყველა პასუხის წაშლა)
",,,Formanın silinməsi (bütün cavabların silinməsi)
polling_station_information_form.unsaved_changes_dialog.title,Save changes to form,ფორმაში ცვლილებების შენახვა,,,Formada dəyişikliklərin yadda saxlanılması
polling_station_information_form.unsaved_changes_dialog.description,You have unsaved changes on this form. Do you want to save your changes before leaving?,"თქვენ ამ ფორმაზე გაქვთ შეუნახავი ცვლილებები. გსურთ ფორმის დატოვებამდე ცვლილებების შენახვა?
",,,Bu formada yadda saxlanmamış dəyişiklikləriniz var. Formadan çıxmazdan əvvəl dəyişikliklərinizi yadda saxlamaq istəyirsiniz?
polling_station_information_form.unsaved_changes_dialog.actions.discard,Discard,წაშლა ,,,Silmək 
polling_station_information_form.unsaved_changes_dialog.actions.save,Save changes,ცვლილებების შენახვა,,,Dəyişiklikləri yaddaşa almaq
form_overview.overview.heading,Form Overview,ფორმის გადახედვა,,,Formaya yenidən baxış
form_overview.overview.status,Form status,ფორმის სტატუსი,,,Forma statusu
form_overview.overview.answered_questions,Answered questions,პასუხგაცემული კითხვები,,,Cavablandırılmış suallar
form_overview.overview.resume,Resume form,ფორმის გაგრძელება,,,Formanı davam etdirmək
form_overview.overview.start_form,Start form,ფორმის დაწყება,,,Formaya başlamaq
form_overview.overview.progress,progress,პროგრესი,,,İnkişaf
form_overview.questions.title,Questions,კითხვები,,,Suallar
form_overview.questions.not_answered,Not Answered,პასუხი არ არის გაცემული,,,Cavab verilməyib
form_overview.questions.answered,Answered,პასუხი გაცემულია,,,Cavab verilib
form_overview.questions.no_notes,No attached notes,არ შეიცავს ჩანაწერს,,,Əlavə edilmiş qeydləri əhatə etmir
form_overview.questions.notes,Includes attached notes,შეიცავს ჩანაწერს ,,,Əlavə edilmiş qeydləri əhatə edir
form_overview.attachments.notes,{{count}} Note(s),{{count}} ჩანაწერი(ები),,,{{count}} Qeyd (lər)
form_overview.attachments.media,{{count}} Media file(s),{{count}} მედია ფაილი(ები),,,{{count}} Media fayllar
form_overview.error,Error while loading the form data!,"შეცდომა ფორმის მონაცემების ჩატვირთვისას!
",,,Forma məlumatları yüklənərkən xəta baş verdi!
form_overview.menu.clear,Clear form (delete all answers),"ფორმის გასუფთავება (ყველა პასუხის წაშლა)
",,,Formanın təmizlənməsi (bütün cavabların silinməsi)
form_overview.menu.change_language,Change language,ენის შეცვლა,,,Dili dəyişmək
form_overview.clear_answers_modal.title,Clear form {{value}},"ფორმის გასუფთავება {{value}}
",,,Formanın təmizlənməsi {{value}}
form_overview.clear_answers_modal.description.p1,This action will delete all answers entered so far for this form (including notes and media files). Status of all questions will be reverted to 'Not Answered'.,"ეს მოქმედება წაშლის ამ ფორმაში შეყვანილ ყველა პასუხს (მათ შორის შენიშვნებსა და მედია ფაილებს). ყველა კითხვის სტატუსი შეიცვლება, როგორც „პასუხგაუცემელი“.",,,"Bu əməliyyat formaya daxil edilmiş bütün cavabları (qeydlər və media faylları daxil olmaqla) siləcək. Bütün sualların statusu ""Cavabsız"" olaraq dəyişəcək."
form_overview.clear_answers_modal.description.p2,"To avoid unintended information loss, please ensure you check the form before performing this action","არასასურველი ინფორმაციის დაკარგვის თავიდან ასაცილებლად, გთხოვთ გადაამოწმოთ ფორმა ამ მოქმედების შესრულებამდე
",,,Xoşagəlməz məlumat itkisinin qarşısını almaq üçün bu əməliyyatı yerinə yetirməzdən əvvəl formanı yoxlayın
form_overview.clear_answers_modal.actions.clear,Clear form,"ფორმის გასუფთავება
",,,Formanın təmizlənməsi
form_overview.clear_answers_modal.actions.cancel,Cancel,გაუქმება,,,Ləğv etmək
polling_station_form_wizard.progress_bar.label,Form progress,ფორმის პროგრესი,,,Formanın inkişafı
polling_station_form_wizard.progress_bar.clear_answer,Clear answer,პასუხის წაშლა,,,Cavabın silinməsi
polling_station_form_wizard.form.min,The field must be at least {{value}} characters long,"ველი უნდა შეიცავდეს მინიმუმ {{value}} სიმბოლოს
",,,Sütun ən azı {{value}} simvol olmalıdır
polling_station_form_wizard.form.max,The field must have a maximum of {{value}} characters,"ველს უნდა ჰქონდეს მაქსიმუმ {{value}} სიმბოლო
",,,Sütunun maksimum {{value}} simvolu olmalıdır
polling_station_form_wizard.form.date_placeholder,Please enter a date,"გთხოვთ, შეიყვანოთ თარიღი
",,,Xahiş edirik tarixi qeyd edin
polling_station_form_wizard.form.text_placeholder,Please enter a text,"გთხოვთ, შეიყვანოთ ტექსტი
",,,Xahiş edirik mətni qeyd edin
polling_station_form_wizard.attachments.heading,Uploaded media,"ატვირთული მედია
",,,Yüklənmiş media
polling_station_form_wizard.attachments.loading,Adding attachment... ,"დანართი ემატება…
",,,Qoşma əlavə edilir…
polling_station_form_wizard.attachments.error,Error while sending the attachment!,"შეცდომა დანართის გაგზავნისას!
",,,Qoşma göndərilərkən xəta baş verdi!
polling_station_form_wizard.attachments.add,Add notes and media,"ჩანაწერისა და მედიის დამატება
",,,Qeydlər və medianın əlavə edilməsi
polling_station_form_wizard.attachments.menu.add_note,Add note,ჩანაწერის დამატება,,,Qeydin əlavə edilməsi
polling_station_form_wizard.attachments.menu.load,Load from gallery,გალერეიდან ჩატვირთვა,,,Qalereyadan yükləmə
polling_station_form_wizard.attachments.menu.take_picture,Take a photo,ფოტოს გადაღება,,,Şəkil çəkdirmək
polling_station_form_wizard.attachments.menu.record_video,Record a video,ვიდეოს ჩაწერა,,,Video yazmaq
polling_station_form_wizard.attachments.menu.upload_audio,Upload audio file,აუდიო ფაილის ატვირთვა,,,Audio faylın yüklənməsi
polling_station_form_wizard.notes.heading,Notes,ჩანაწერები,,,Qeydlər 
polling_station_form_wizard.notes.add.heading,Add a note,ჩანაწერის დამატება,,,Qeydin əlavə edilməsi
polling_station_form_wizard.notes.add.form.input.placeholder,Add any relevant notes to this question.,დაამატეთ ნებისმიერი რელევანტური შენიშვნა ამ შეკითხვაზე,,,Bu suala hər hansı müvafiq qeyd əlavə edin
polling_station_form_wizard.notes.add.form.input.max,"Input cannot exceed 10,000 characters","შეყვანილი ტექსტი არ უნდა აღემატებოდეს 10,000 სიმბოლოს",,,Daxil edilmiş mətn 10.000 simvoldan çox olmamalıdır
polling_station_form_wizard.notes.add.form.input.required,This field is required,ეს ველი სავალდებულო არ არის,,,Bu sütun məcburi deyil
polling_station_form_wizard.notes.edit.heading,Edit note,შენიშვნის დარედაქტირება,,,Qeydin redaktə edilməsi
polling_station_form_wizard.notes.edit.delete,Delete note,შენიშვნის წაშლა,,,Qeydin silinməsi
polling_station_form_wizard.notes.delete.title,Delete note,შენიშვნის წაშლა,,,Qeydin silinməsi
polling_station_form_wizard.notes.delete.description,"This action cannot be undone. Once deleted, a note cannot be retrieved.",ამ მოქმედებას ვეღარ შეცვლით. წაშლილი შენიშვნის აღდგენა შესაძლებელი არ არის,,,Bu əməliyyatı dəyişə bilməzsiniz. Silinmiş qeydi bərpa etmək mümkün deyil
polling_station_form_wizard.notes.delete.actions.cancel,Cancel,გაუქმება,,,Ləğv etmək
polling_station_form_wizard.notes.delete.actions.delete,Delete,წაშლა,,,Silmək
polling_station_form_wizard.warning_modal.question.title,Clear answer to question {{value}},{{value}} კითხვაზე პასუხის წაშლა,,,{{value}} Sualın cavabının silinməsi
polling_station_form_wizard.warning_modal.question.description,"Clearing the answer to this question will permanently delete all its information (including notes and media files), as well as all its connected questions. Question statuses will be reverted to Not Answered.","ამ კითხვაზე პასუხის წაშლა სამუდამოდ წაშლის მასზე ინფორმაციას (მათ შორის შენიშვნებსა და მედია ფაილებს), ასევე ყველა მასთან დაკავშირებულ კითხვას. კითხვების სტატუსი შეიცვლება „პასუხგაუცემელზე“.
",,,"Bu suala cavabın silinməsi onunla bağlı məlumatı (qeydlər və media fayllar daxil olmaqla), eləcə də bütün əlaqəli sualları həmişəlik siləcək. Sualların statusu ""Cavabsız"" olaraq dəyişəcək."
polling_station_form_wizard.warning_modal.question.actions.cancel,Cancel,გაუქმება,,,Ləğv etmək
polling_station_form_wizard.warning_modal.question.actions.clear,Clear answer,პასუხის წაშლა,,,Cavabın silinməsi
polling_station_form_wizard.warning_modal.attachment.title,Delete media file,მედია ფაილის წაშლა,,,Media faylın silinməsi
polling_station_form_wizard.warning_modal.attachment.description,"This action cannot be undone. Once deleted, a media file cannot be retrieved.",ამ მოქმედებას ვეღარ შეცვლით. წაშლილი მედია ფაილის აღდგენა შესაძლებელი არ არის,,,Bu əməliyyatı dəyişə bilməzsiniz. Silinmiş qeydi bərpa etmək mümkün deyil
polling_station_form_wizard.warning_modal.attachment.actions.cancel,Cancel,გაუქმება,,,Ləğv etmək
polling_station_form_wizard.warning_modal.attachment.actions.clear,Delete,წაშლა,,,Silmək
polling_station_form_wizard.warning_modal.unsaved_answer.title,Save changes to question,კითხვაზე ცვლილებების შენახვა,,,Sualdakı dəyişikliklərin yadda saxlanılması
polling_station_form_wizard.warning_modal.unsaved_answer.description,You have unsaved changes on this question. Do you want to save your changes before leaving?,"თქვენ ამ კითხვაზე გაქვთ შეუნახავი ცვლილებები. გსურთ კითხვის დატოვებამდე ცვლილებების შენახვა?
",,,Bu sualda yadda saxlanmamış dəyişiklikləriniz var. Sualı tərk etməzdən əvvəl dəyişiklikləri yadda saxlamaq istəyirsiniz?
polling_station_form_wizard.warning_modal.unsaved_answer.actions.cancel,Discard,უარყოფა,,,Təkzib etmək
polling_station_form_wizard.warning_modal.unsaved_answer.actions.save,Save changes,ცვლილებების შენახვა,,,Dəyişikliklərin yadda saxlanılması
polling_station_form_wizard.error,Error while loading question data!,"დაფიქსირდა შეცდომა კითხვის მონაცემების ჩატვირთვისას!
",,,Sual ilə bağlı məlumatlar yüklənərkən xəta baş verdi!
manage_my_polling_stations.empty.title,No visited polling stations yet,ჯერ არცერთი საარჩევნო უბანი არ არის არჩეული,,,Hələlik heç bir seçki məntəqəsinə baş çəkilməyib
manage_my_polling_stations.general_text,Manage my polling stations,"ჩემი საარჩევნო უბნების მართვა
",,,Mənim seçki məntəqələrimin idarə edilməsi
manage_my_polling_stations.ps_card.header,Polling station #{{value}},"საარჩევნო უბანი #{{value}}
",,,Seçki məntəqəsi #{{value}}
manage_my_polling_stations.ps_card.l1,[Location L1],[ლოკაცია L1],,,[Məkan L1]
manage_my_polling_stations.ps_card.l2,[Location L2],[ლოკაცია L2],,,[Məkan  L2]
manage_my_polling_stations.ps_card.l3,[Location L3],[ლოკაცია L3],,,[Məkan L3]
manage_my_polling_stations.ps_card.l4,[Location L4],[ლოკაცია L4],,,[Məkan L4]
manage_my_polling_stations.ps_card.l5,[Location L5],[ლოკაცია L5],,,[Məkan L5]
manage_my_polling_stations.ps_card.street,Street,ქუჩა,,,Küçə
manage_my_polling_stations.ps_card.ps_number,Polling station number,საარჩევნო უბნის ნომერი,,,Seçki məntəqəsinin nömrəsi
manage_my_polling_stations.warning_dialog.title,Remove Polling station #{{value}},#{{value}} საარჩევნო უბნის წაშლა,,,#{{value}} Seçki məntəqəsinin silinməsi
manage_my_polling_stations.warning_dialog.description,This action will remove the polling station from your list of visited polling stations. You can add it again through the Add New Polling Station process.,ეს მოქმედება წაშლის ამ საარჩევნო უბანს თქვენი მონახულებული უბნების სიიდან. მისი ხელახლა დამატება შეგიძლიათ ახალი საარჩევნო უბნის დამატების ფუნქციონალის მეშვეობით.,,,Bu fəaliyyət bu seçki  məntəqəsini sizin ziyarət etdiyiniz məntəqələrin siyahısından siləcək. Onun yenidən əlavə olunması yeni seçki məntəqəsinin əlavə edilməsi funksiyası vasitəsilə mümkündür.
manage_my_polling_stations.warning_dialog.actions.cancel,Cancel,გაუქმება,,,Ləğv etmək
manage_my_polling_stations.warning_dialog.actions.remove,Remove,წაშლა,,,Silmək
manage_my_polling_stations.warning_dialog.actions.loading,Loading...,იტვირთება...,,,Yüklənir...
manage_my_polling_stations.removal_unallowed_dialog.title,Removing polling station #{{value}} not allowed,"#{{value}} საარჩევნო უბნის ამოღება შეუძლებელია
",,,#{{value}} Seçki məntəqəsinin çıxarılması mümkün deyil
manage_my_polling_stations.removal_unallowed_dialog.description,"The polling station cannot be removed from your list because it contains data (Polling station information and/or Form answers) which cannot be deleted by the system on your behalf. If you want to remove this polling station, please clear polling station information and form answers manually, then retry this action.","საარჩევნო უბნის ამოღება თქვენი სიიდან შეუძლებელია, რადგან ის შეიცავს მონაცემებს (საარჩევნო უბნის ინფორმაცია და/ან ფორმის პასუხები), რომელთა წაშლა სისტემას თქვენი სახელით არ შეუძლია. თუ გსურთ ამ საარჩევნო უბნის ამოღება, გთხოვთ, ჯერ გაწმინდეთ საარჩევნო უბნის ინფორმაცია და ფორმის პასუხები ხელით, შემდეგ სცადეთ ხელახლა.
",,,"Sizin siyahıdan seçki məntəqəsini çıxarmaq mümkün deyil. Çünki o sistemin sizin adınızla silə bilməyəcəyi məlumatları (Seçki məntəqəsinin məlumatı və ya formanın cavabları) əhatə edir. Əgər bu seçki məntəqəsini çıxarmaq istəyirsinizsə, xahiş edirik, əvvəl əliniz ilə seçki məntqəsinin məlumatını və cavabları təmizləyin, sonra yenidən cəhd edin."
manage_my_polling_stations.delete_success,Polling station deleted successfully!,"საარჩევნო უბანი წარმატებით წაიშალა!
",,,Seçki məntəqəsi uğurla silindi!
manage_my_polling_stations.delete_error,We encountered a problem while deleting the polling station visit. Please try again.,"საარჩევნო უბნის მონახულების წაშლისას დაფიქსირდა პრობლემა. გთხოვთ, სცადოთ ხელახლა.
",,,"Seçki məntəqəsinə baş çəkmə silinərkən problem aşkarlandı. Xahiş edirik, yenidən cəhd edin."
manage_my_polling_stations.offline_error_toast_msg,You need an internet connection in order to perform this action.,"ამ მოქმედების შესასრულებლად გჭირდებათ ინტერნეტ კავშირი.
",,,Bu fəaliyyəti həyata keçirmək üçün sizə internet bağlantısı lazımdır.
quick_report.list.title,Quick Report,დარღვევის სწრაფი შეტყობინება,,,Pozuntu barədə sürətli bildiriş vermək
quick_report.list.heading,My reported issues,ჩემ მიერ გაგზავნილი დარღვევის სწრაფი შეტყობინებები,,,Mənim göndərdiyim pozuntular barədə sürətli bildirişlər
quick_report.list.error,Error while loading the reports!,დაფიქსირდა შეცდომა დარღვევის სწრაფი შეტყობინებების ჩატვირთვისას!,,,Pozuntu barədə sürətli bildirişlərin yüklənməsi zamanı xəta baş verdi!
quick_report.list.empty,"Start sending quick reports to the organization if you notice irregularities inside, outside the polling station or whenever needed.","თუ შეამჩნევთ დარღვევებს საარჩევნო უბნის შიგნით ან გარეთ, ან როცა საჭირო იქნება, გააგზავნეთ სწრაფი შეტყობინება ორგანიზაციაში
",,,"Əgər seçki məntəqəsinin daxilində və xaricində pozuntular qeydə alsanız, yaxud lazım olduğu halda,  təşkilata təcili bildriş göndərin"
quick_report.list.add,Report new issue,ახალი დარღვევის სწრაფი შეტყობინება,,,Yeni pozuntu barədə təcili bildiriş
quick_report.list.no_files,No attached files,"მიმაგრებული ფაილები არ არის
",,,Əlavə edilmiş fayllar yoxdur
quick_report.list.attachment_one,{{count}} attachment file,"{{count}} მიმაგრებული ფაილი
",,,{{count}}Əlavə edilmiş fayl
quick_report.list.attachment_other,{{count}} attachment files,"{{count}} მიმაგრებული ფაილი
",,,{{count}}Əlavə edilmiş fayl
quick_report.options_menu.manage_my_polling_stations,Manage my polling stations,"ჩემი საარჩევნო უბნების მართვა
",,,Mənim seçki məntəqəmin idarə edilməsi
report_new_issue.title,Report new issue,ახალი დარღვევის სწრაფი შეტყობინება,,,Yeni pozuntu barədə təcili bildiriş
report_new_issue.media.heading,Uploaded media,"ატვირთული მედია
",,,Yüklənmiş media
report_new_issue.media.add,Add media,მედია ფაილის დამატება,,,Media faylın əlavə edilməsi
report_new_issue.media.error,Error while sending the attachment!,დანართის გაგზავნისას დაფიქსირდა შეცდომა!,,,Əlavəni göndərən zaman xəta qeydə alındı!
report_new_issue.media.menu.load,Load from gallery,გალერეიდან ჩატვირთვა,,,Qalereyadan yükləmə
report_new_issue.media.menu.take_picture,Take a photo,ფოტოს გადაღება,,,Foto çəkmək
report_new_issue.media.menu.record_video,Record video,ვიდეოს გადაღება,,,Video çəkmək
report_new_issue.media.menu.upload_audio,Upload audio file,აუდიო ფაილის ატვირთვა,,,Audio faylın yüklənməsi
report_new_issue.form.polling_station_id.label,Polling station *,საარჩევნო უბანი *,,,Seçki məntəqəsi*
report_new_issue.form.polling_station_id.placeholder,Select polling station,აირჩიეთ საარჩევნო უბანი,,,Seçki məntəqəsini seçin
report_new_issue.form.polling_station_id.extra,"Please write here some identification details for this polling station (such as address, name, number, etc.)","გთხოვთ, აქ მიუთითოთ ამ საარჩევნო უბნის მაიდენტიფიცირებელი დეტალები (როგორიცაა მისამართი, სახელი, ნომერი და სხვა)
",,,"Xahiş edirik, burada bu seçki məntəqəsinə aid detalları qeyd edin (ünvan, ad, nömrə və s. kimi"
report_new_issue.form.polling_station_id.required,This field is required.,ეს ველი სავალდებულოა.,,,Bu sütun mütləqdir
report_new_issue.form.polling_station_id.options.other,Other polling station,სხვა საარჩევნო უბანი,,,Başqa seçki məntəqəsi
report_new_issue.form.polling_station_id.options.not_related,Not related to a polling station,არ არის საარჩევნო უბანთან დაკავშირებული,,,Seçki məntəqəsi ilə əlaqədar deyil
report_new_issue.form.polling_station_details.label,Polling station details *,საარჩევნო უბნის დეტალები *,,,Seçki məntəqəsinin detalları
report_new_issue.form.polling_station_details.placeholder,"Please write here some identification details for this polling station (such as address, name, number, etc.)","გთხოვთ, აქ მიუთითოთ ამ საარჩევნო უბნის მაიდენტიფიცირებელი დეტალები (როგორიცაა მისამართი, სახელი, ნომერი და სხვა)
",,,"Xahiş edirik, burada bu seçki məntəqəsinə aid detalları qeyd edin (ünvan, ad, nömrə və s. kimi"
report_new_issue.form.polling_station_details.required,This field is required.,ეს ველი სავალდებულოა.,,,Bu sütun mütləqdir
report_new_issue.form.polling_station_details.max,Input cannot exceed {{value}} characters,შეყვანილი ტექსტი არ უნდა აღემატებოდეს {{value}} სიმბოლოს,,,Əlavə edilən mətn {{value}} simvoldan artıq olmamalıdır
report_new_issue.form.issue_title.label,Title of issue *,დარღვევის სათაური,,,Pozuntunun başlığı
report_new_issue.form.issue_title.placeholder,Write a title for the issue.,დაწერეთ დარღვევის სათაური.,,,Pozuntunun başlığını yazın
report_new_issue.form.issue_title.required,Title of the issue is required,დარღვევის სათაური სავალდებულოა,,,Pozuntunun başlığını yazmaq mütləqdir
report_new_issue.form.issue_title.max,Input cannot exceed {{value}} characters,შეყვანილი ტექსტი არ უნდა აღემატებოდეს {{value}} სიმბოლოს,,,Əlavə edilən mətn {{value}} simvoldan artıq olmamalıdır
report_new_issue.form.issue_description.label,Description *,აღწერა *,,,Təsvir*
report_new_issue.form.issue_description.placeholder,Describe the situation in detail here.,"გთხოვთ, აქ აღწეროთ სიტუაცია დეტალურად",,,"Xahiş edirik, vəziyyəti burada ətraflı şəkildə təsvir edəsiniz"
report_new_issue.form.issue_description.required,Description of the issue is required,დარღვევის აღწერა სავალდებულოა,,,Pozuntunu təsvir etmək mütləqdir
report_new_issue.form.issue_description.max,Input cannot exceed {{value}} characters,შეყვანილი ტექსტი არ უნდა აღემატებოდეს {{value}} სიმბოლოს,,,Əlavə edilən mətn {{value}} simvoldan artıq olmamalıdır
report_new_issue.form.submit,Submit issue,გაგზავნა,,,Göndərmək
report_new_issue.form.clear,Clear,გასუფთავება,,,Təmizləmək
report_new_issue.form.loading,Processing...,მუშავდება..,,,İşlənir...
report_new_issue.form.error,Error while adding the report,ანგარიშის დამატებისას დაფიქსირდა შეცდომა,,,Hesabatı əlavə edərkən xəta qeydə alındı
report_details.title,,,,,
report_details.uploaded_media,Uploaded media,ატვირთული მედია,,,Yüklənmiş media
report_details.no_files,No attached files,თანდართული ფაილები არ არის,,,Əlavə fayllar yoxdur
report_details.error,Error while loading the report,ანგარიშის ჩატვირთვისას დაფიქსირდა შეცდომა,,,Hesabatı əlavə edərkən xəta qeydə alındı
guides.title,Guides,გზამკვლევები,,,Bələdçilər
guides.empty.heading,No guides to read yet,გზამკვლევი ჯერ არ არის დამატებული,,,Bələdçi hələ əlavə edilməyib
guides.empty.paragraph,Guides and resources from your organization at your hands.,,,,
guides.list.heading,Guides,გზამკვლევები,,,Bələdçilər
guides.list.guide.backup_title,Document,დოკუმენტი,,,Sənəd
guides.list.guide.created_on,Created on,შექმნილია,,,Yaradılıb
guides.options_sheet.manage_my_polling_stations,Manage my polling stations,ჩემი საარჩევნო უბნების მართვა,,,Mənim seçki məntəqələrimin idarə edilməsi
inbox.title,Inbox,შეტყობინებები,,,Bildirişlər
inbox.empty.heading,No message received yet,"შეტყობინებები ჯერ არ არის მიღებული
",,,Bildirişlər hələ qəbul edilməyib
inbox.empty.paragraph,Push messages and alerts from your organization will appear here.,აქ გამოჩნდება შეტყობინებები და გაფრთხილებები თქვენი ორგანიზაციიდან  ,,,Burada sizin təşkilatdan bildirişlər və xəbərdarlıqlar görünəcək
inbox.banner,Messages from {{ngoName}},"შეტყობინებები {{ngoName}}-დან
",,, {{ngoName}}-dən bildirişlər
inbox.today,Today,დღეს,,,Bu gün
inbox.your_organization,your organization,თქვენი ორგანიზაცია,,,Sizin təşkilat
inbox.menu.manage_polling_stations,Manage my polling stations,ჩემი საარჩევნო უბნების მართვა,,,Mənim seçki məntəqələrimin idarə edilməsi
more.title,More,მეტი,,,Daha artıq
more.change-language,Change app language,აპლიკაციის ენის შეცვლა,,,Aplikasiya dilinin dəyişdirilməsi
more.change-password,Change password,პაროლის შეცვლა,,,Parolun dəyişdirilməsi
more.terms,Terms and Conditions,წესები და პირობები,,,Qaydalar və şərtlər
more.privacy_policy,Privacy Policy,კონფიდენციალურობის პოლიტიკა,,,Gizlilik siyasəti
more.about,About Vote Monitor,"Vote Monitor-ის შესახებ
",,,Vote Monitor haqqında
more.app_version,Vote Monitor version {{value}},"Vote Monitor-ის ვერსია {{value}}
",,,Vote Monitor versiyası  {{value}}
more.support,Call the NGO Hotline,"არასამთავრობო ორგანიზაციის ცხელ ხაზზე დარეკვა
",,,Qeyri-hökumət təşkilatının qaynar xəttinə zəng vurmaq
more.feedback,Offer app feedback,უკუკავშირი აპლიკაციის შესახებ,,,Qarşılıqlı əlaqə aplikasiyası haqqında
more.logout,Logout,გამოსვლა,,,Çıxış
more.logged_in,Logged in as {{user}},შესული ხართ როგორც  {{user}},,,{{user}} olaraq daxil olubsunuz
more.warning_modal.logout_offline.title,Attention: You have unsynced data,ყურადღება: თქვენ გაქვთ დაუსინქრონიზებული მონაცემები,,,Diqqət: Sizin məlumatlar sinxronizasiya olunmayıb
more.warning_modal.logout_offline.description,"You are currently offline. If you log out now, any forms, attachments, or notes you have completed or uploaded during the offline mode will be lost.

To avoid losing your data, please reconnect to the internet before logging out.","ამჟამად, თქვენ ხართ ოფლაინ რეჟიმში. თუ ახლა გამოხვალთ სისტემიდან, ნებისმიერი ფორმა, თანდართული ფაილი, თუ შენიშვნა, რომელიც ოფლაინ რეჟიმში ყოფნის დროს შეავსეთ ან ატვირთეთ, დაიკარგება. 
მონაცემთა დაკარგვის თავიდან ასაცილებლად, გთხოვთ, გამოსვლამდე დაუკავშირდით ინტერნეტს და მხოლოდ ამის შემდეგ გამოხვიდეთ. ",,,"Hazırda oflayn rejimdəsiniz. Əgər indi sistemdən çıxsanız oflayn rejimdə olduğunuz zaman doldurduğunuz və ya yüklədiyiniz  hər hansı forma, əlavə fayl, yaxud qeyd itəcək. Məlumatların itirilməsinin qarşısını almaq üçün xahiş edirik, çıxış edənə kimi internet bağlantı yaradın və yalnız bundan sonra çıxa bilərsiniz. "
more.warning_modal.logout_offline.cancel,Cancel,გაუქმება,,,Ləğv etmək
more.warning_modal.logout_offline.action,Logout,გამოსვლა,,,Çıxış
more.warning_modal.logout_online.title,Are you sure you want to logout?,"დარწმუნებული ხართ, რომ გამოსვლა გსურთ?",,,Çıxmaq istədiyinizdən əminsiniz?
more.warning_modal.logout_online.cancel,Cancel,გაუქმება,,,Ləğv etmək
more.warning_modal.logout_online.action,Logout,გამოსვლა,,,Çıxış
more.feedback_toast.success,Feedback sent!,უკუკავშირი გაიგზავნა!,,,Əlaqə göndərildi!
more.feedback_toast.offline,You need an internet connection in order to perform this action.,ამ მოქმედების შესასრულებლად საჭიროა კავშირი ინტერნეტთან.,,,Bu fəaliyyəti yerinə yetirmək üçün internet bağlantısı lazımdır.
more.feedback_toast.error,Error while adding feedback!,უკუკავშირის დამატებისას დაფიქსირდა შეცდომა!,,,Qarşılıqlı əlaqə zamanı xəta qeydə alındı!
more.feedback_toast.required,This field is required,ეს ველი სავალდებულოა,,,Bu sütun mütləqdir
more.feedback_sheet.heading,Send us your feedback,გამოგვიგზავნეთ თქვენი უკუკავშირი,,,Öz rəyinizi göndərin
more.feedback_sheet.p1,"Please tell us about any issues you might have encountered with the functioning of the app, or any suggestions you would like to share to improve Vote Monitor for the future. We appreciate every feedback!","გთხოვთ, მოგვიყევით იმ ხარვეზების შესახებ, რასაც აპლიკაციის ფუნქციონირებისას წააწყდით, ან გაგვიზიარეთ რეკომენდაციები, თუ როგორ შეგვიძლია Vote Monitor-ის გაუმჯობესება მომავალში. ვაფასებთ თითოეულ უკუკავშირს!
",,,"Xahiş edirik, aplikasiyanın fəaliyyəti zamanı qarşılaşdığınız çatışmazlıqlar barədə bizə bildirin, yaxud Vote Monitorun gələcəkdə təkmilləşdirilməsi ilə bağlı tövsiyələrinizi bölüşün. Hər bir rəy bizim üçün dəyərlidir!"
more.feedback_sheet.placeholder,Write your feedback here...,აქ დაწერეთ თქვენი უკუკავშირი..,,,Burada öz rəyinizi yazın...
more.feedback_sheet.cancel,Cancel,გაუქმება,,,Ləğv etmək
more.feedback_sheet.action,Send,გაგზავნა,,,Göndərmək
more.feedback_sheet.input.max,Input cannot exceed {{value}} characters,შეყვანილი ტექსტი არ უნდა აღემატებოდეს {{value}} სიმბოლოს,,,Əlavə edilmiş mətn  {{value}}  simvoldan artıq olmamalıdır
more.options_sheet.manage_my_polling_stations,Manage my polling stations,ჩემი საარჩევნო უბნების მართვა,,,Mənim seçki məntəqələrimin idarə edilməsi
change_password.title,Change password,პაროლის შეცვლა,,,Parolun dəyişdirilməsi
change_password.form.current_password.label,Current password *,არსებული პაროლი *,,,Mövcud parol*
change_password.form.current_password.placeholder,Insert current password,შეიყვანეთ თქვენი არსებული პაროლი,,,Mövcud parolunuzu yazın
change_password.form.current_password.required,Password is mandatory,პაროლი სავალდებულოა,,,Parol mütləqdir
change_password.form.current_password.credentials_error,The current password is incorrect,არსებული პაროლი არასწორია,,,Mövcud parol səhvdir
change_password.form.new_password.label,New password *,ახალი პაროლი,,,Yeni parol
change_password.form.new_password.placeholder,Insert new password,შეიყვანეთ ახალი პაროლი,,,Yeni parolu yazın
change_password.form.new_password.helper,Must be at least 8 characters,უნდა შეიცავდეს მინიმუმ 8 სიმბოლოს,,,Ən az 8 simvoldan ibarət olmalıdır
change_password.form.new_password.required,Password is mandatory,პაროლი აუცილებელია,,,Parol mütləqdir
change_password.form.confirm_password.label,Confirm new password *,დაადასტურეთ ახალი პაროლი *,,,Yeni parolu təsdiq edin*
change_password.form.confirm_password.placeholder,Confirm password,დაადასტურეთ პაროლი,,,Parolu təsdiq edin
change_password.form.confirm_password.helper,Both passwords must match.,ორივე პაროლი უნდა ემთხვეოდეს ერთმანეთს,,,İki parol bir-birinə uyğun gəlməlidir
change_password.form.confirm_password.required,Password is mandatory,პაროლი სავალდებულოა,,,Parol mütləqdir
change_password.form.confirm_password.no_match,Passwords do not match,პაროლები ერთმანეთს არ ემთხვევა,,,Parollar bir-birinə uyğun deyil
change_password.form.save,Save new password,შეინახეთ ახალი პაროლი,,,Yeni parolu yadda saxlayın
change_password.confirmation.heading,Password changed!,პაროლი შეცვლილია!,,,Parol dəyişdirildi!
change_password.confirmation.paragraph,Your password has been successfully changed.,თქვენი პაროლი წარმატებით შეიცვალა.,,,Sizin parol uğurla dəyişdirildi.
change_password.confirmation.confirm,Back to app,აპლიკაციაში დაბრუნება,,,Aplikasiyaya qayıtmaq
change_password.error.offline,App is offline and cannot do the request,ამ მომენტისათვის აპლიკაცია არ არის დაკავშირებული ინტერნეტთან და ამ მოთოვნას ვერ შეასრულებს,,,Hazırda aplikasiya internetlə əlaqədə deyil və bu tələbi yerinə yetirə bilməz
generic_error_screen.paragraph1,"Oops, something went wrong!","უპს, დაფიქსირდა შეცდომა!
",,,"Ups, xəta qeydə alındı!"
generic_error_screen.paragraph2,We could not recover after this error. Please check your internet connection and restart the application!,"ამ შეცდომის შემდეგ ვერ მოხერხდა აღდგენა. გთხოვთ, შეამოწმეთ თქვენი ინტერნეტ-კავშირი და აპლიკაცია ხელახლა გახსენით!
",,,"Bu xətadan sonra bərpa mümkün olmadı. Xahiş edirik, öz internet əlaqənizi yoxlayın və aplikasiyanı yenidən açın!"
generic_error_screen.retry,Retry,ხელახლა სცადეთ,,,Yenidən cəhd edin
generic_error_screen.logout,Logout,გამოსვლა,,,Çıxış
network_banner.online,App online. All answers sent to server.,აპლიკაცია არის ონლაინ რეჟიმში. ყველა პასუხი გაიგზავნა სერვერზე.,,,Aplikasiya onlayn rejimdədir. Bütün cavablar serverə göndərilib.
network_banner.offline,Offline mode. Saving answers locally.,აპლიკაცია არის ოფლაინ რეჟიმში. პასუხები შენახულია მხოლოდ ადგილობრივად.,,,Aplikasiya oflayn rejimdədir. Cavablar yalnız yerində saxlanılıb.
network_banner.more_details,More Details,მეტი დეტალები,,,Daha artıq detallar
network_banner.offline_warning,"It looks like you're currently offline. Don't worry, your answers are safely stored locally and will be synced with our servers once your connection is restored. Feel free to continue filling out the observation forms and submitting quick reports.","როგორც ჩანს, ამჟამად ოფლაინ ხართ. არ ინერვიულოთ, თქვენი პასუხები უსაფრთხოდ არის შენახული ადგილობრივად და სერვერზე სინქრონიზაცია მოხდება, როდესაც ინტერნეტთან კავშირი აღდგება. თავისუფლად განაგრძეთ დაკვირვების ფორმების შევსება და ინციდენტების გაგზავნა.
",,,"Görünür hazırda oflyansınız. Narahat olmayın, sizin cavablar təhlükəsiz şəkildə yerində saxlanılıb və internet ilə bağlantı yarananda serverdə sinxronlaşdırılacaq. Müşahidə formalarının doldurulmasına və insidentlərin göndərilməsinə sərbəst şəkildə davam edin."
sync.sync_data,Synchronizing offline data...,ოფლაინ მონაცემების სინქრონიზაცია..,,,Oflayn məlumatların sinxronizasiyası...
sync.warning,Please DO NOT CLOSE the app or the internet connection or the data will be lost.,"გთხოვთ, არ დახუროთ აპლიკაცია და არ გათიშოთ ინტერნეტი, თორემ მონაცემები დაიკარგება.",,,"Xahiş edirik, aplikasiyanı və interneti bağlamayın. Yoxsa məlumatlar itəcək."
sync.files,"We are uploading your files, it may take a while...","თქვენი ფაილები იტვირთება, ამას შესაძლოა დასჭირდეს დრო..",,,"Sizin fayllar yüklənir, buna zaman lazım ola bilər"